seq_id;Rota Real;Rota Gerada;Profit Real;Profit Gerado;Budget Real;Budget Gerado;Recall;Recall Total;Precision; Precision Total;Tempo;Tempo Total
8484;"{16, 5, 26}";"{16, 5, 17, 6, 1, 22, 19, 11, 26}";8823.5;14035;8948;8697;1;1;0.333333;0.333333;0.032152;0.032152
11671;"{3, 10, 6}";"{3, 19, 1, 22, 16, 5, 17, 26, 11, 6}";3551.45;15190;17086;16044;0.666667;0.833333;0.2;0.266667;0.156495;0.188647
13318;"{11, 3, 19}";"{11, 3, 19}";3231.64;3231.64;4425;2798;1;0.888889;1;0.511111;0.003135;0.191782
5753;"{2, 28, 3}";"{2, 26, 17, 16, 30, 10, 8, 21, 6, 19, 11, 3}";3420;13818.5;17286;16282;0.666667;0.833333;0.166667;0.425;0.142681;0.334463
12281;"{11, 28, 19}";"{11, 3, 19}";2428.22;3230.72;6078;5250;0.666667;0.8;0.666667;0.473333;0.003165;0.337628
3460;"{16, 1, 3}";"{16, 30, 5, 1, 22, 19, 28, 11, 3}";3568;12081.5;5901;5690;1;0.833333;0.333333;0.45;0.039441;0.377069
625;"{2, 5, 6}";"{2, 5, 6}";8168.02;8168.02;6410;5325;1;0.857143;1;0.528571;0.019313;0.396382
9292;"{3, 22, 16, 30}";"{3, 11, 6, 17, 5, 1, 22, 19, 16, 30}";3842.73;13985.2;10499;10243;1;0.875;0.4;0.5125;0.073674;0.470056
685;"{16, 5, 17, 2}";"{16, 30, 5, 17, 6, 28, 19, 3, 11, 1, 22, 2}";10384.3;16237.9;19573;16935;1;0.888889;0.333333;0.492593;0.166879;0.636935
5753;"{2, 28, 3}";"{2, 26, 17, 16, 30, 10, 8, 21, 6, 19, 11, 3}";3420;13818.5;17286;16282;0.666667;0.866667;0.166667;0.46;0.149636;0.786571
11100;"{5, 16, 1, 26}";"{5, 6, 17, 16, 22, 1, 28, 26}";9301.5;12324;7385;7183;1;0.878788;0.5;0.463636;0.025626;0.812197
11671;"{3, 10, 6}";"{3, 19, 1, 22, 16, 5, 17, 26, 11, 6}";3551.45;15190;17086;16044;0.666667;0.861111;0.2;0.441667;0.159429;0.971626
8484;"{16, 5, 26}";"{16, 5, 17, 6, 1, 22, 19, 11, 26}";8823.5;14035;8948;8697;1;0.871795;0.333333;0.433333;0.029437;1.00106
12947;"{5, 30, 1}";"{5, 2, 6, 1}";6183.67;8671.34;6252;6206;0.666667;0.857143;0.5;0.438095;0.015603;1.01667
12807;"{13, 19, 28}";"{13, 27, 11, 19, 1, 22, 5, 17, 6, 16, 28}";1712.5;12872.5;13069;13068;1;0.866667;0.272727;0.427071;0.05005;1.06672
6161;"{16, 3, 26}";"{16, 5, 17, 2, 6, 1, 22, 28, 19, 3, 26}";4684.5;16683.4;14691;14595;1;0.875;0.272727;0.417424;0.109409;1.17613
6757;"{11, 2, 17}";"{11, 19, 1, 22, 16, 5, 6, 17}";3955;12428.5;5581;5431;0.666667;0.862745;0.25;0.407576;0.020427;1.19655
6161;"{16, 3, 26}";"{16, 5, 17, 2, 6, 1, 22, 28, 19, 3, 26}";4684.5;16683.4;14691;14595;1;0.87037;0.272727;0.400084;0.123639;1.32019
232;"{11, 3, 6}";"{11, 19, 28, 1, 22, 5, 17, 16, 6}";2932;12799;7626;7088;0.666667;0.859649;0.222222;0.390723;0.032628;1.35282
13565;"{19, 28, 5}";"{19, 28, 1, 22, 16, 5}";6961.5;9739.5;3944;3462;1;0.866667;0.5;0.396187;0.00819;1.36101
685;"{16, 5, 17, 2}";"{16, 30, 5, 17, 6, 28, 19, 3, 11, 1, 22, 2}";10384.3;16237.9;19573;16935;1;0.873016;0.333333;0.393194;0.177383;1.53839
13594;"{2, 28, 19}";"{2, 17, 6, 5, 30, 16, 10, 8, 21, 4, 1, 22, 19}";3549.42;16497.5;12734;12214;0.666667;0.863636;0.153846;0.382314;0.124131;1.66252
11671;"{3, 10, 6}";"{3, 19, 1, 22, 16, 5, 17, 26, 11, 6}";3551.45;15190;17086;16044;0.666667;0.855072;0.2;0.374388;0.149897;1.81242
9311;"{1, 5, 6}";"{1, 16, 17, 6}";6766.6;4671.8;5433;5016;0.666667;0.847222;0.5;0.379622;0.003083;1.8155
6398;"{3, 16, 5}";"{3, 19, 28, 1, 22, 16, 5}";8316.5;10839.5;11220;4871;1;0.853333;0.428571;0.38158;0.090882;1.90638
12281;"{11, 28, 19}";"{11, 3, 19}";2428.22;3230.72;6078;5250;0.666667;0.846154;0.666667;0.392544;0.003146;1.90953
12652;"{19, 28, 3}";"{19, 28, 11, 3}";2816.5;3595.5;4014;2262;1;0.851852;0.75;0.405784;0.003842;1.91337
9413;"{28, 19, 6}";"{28, 19, 6}";2646.8;2646.8;3795;3234;1;0.857143;1;0.427006;0.002622;1.91599
1987;"{1, 3, 16, 5}";"{1, 22, 28, 19, 11, 3, 5}";8869.5;9769;9555;7094;0.75;0.853448;0.428571;0.42706;0.055487;1.97148
4424;"{6, 2, 26, 25}";"{6, 5, 30, 16, 1, 22, 28, 19, 11, 2, 7, 25}";4731.87;14216.9;15286;15274;0.75;0.85;0.25;0.421158;0.089401;2.06088
9292;"{3, 22, 16, 30}";"{3, 11, 6, 17, 5, 1, 22, 19, 16, 30}";3842.73;13985.2;10499;10243;1;0.854839;0.4;0.420475;0.072955;2.13384
9292;"{3, 22, 16, 30}";"{3, 11, 6, 17, 5, 1, 22, 19, 16, 30}";3842.73;13985.2;10499;10243;1;0.859375;0.4;0.419835;0.075815;2.20965
11673;"{5, 16, 22, 17, 14}";"{5, 16, 4, 14}";9060.65;7461.36;7573;7165;0.6;0.851515;0.75;0.42984;0.01939;2.22904
12653;"{6, 5, 1}";"{6, 5, 30, 16, 17, 2, 26, 19, 1}";6754;15146.1;11211;10646;1;0.855882;0.333333;0.427002;0.104734;2.33378
6161;"{16, 3, 26}";"{16, 5, 17, 2, 6, 1, 22, 28, 19, 3, 26}";4684.5;16683.4;14691;14595;1;0.86;0.272727;0.422594;0.115534;2.44931
12110;"{3, 6, 1, 7}";"{3, 19, 6, 17, 5, 30, 16, 1, 22, 2, 26, 15, 25, 7}";2811.78;17635.5;16711;16628;1;0.863889;0.285714;0.418792;0.168198;2.61751
4424;"{6, 2, 26, 25}";"{6, 5, 30, 16, 1, 22, 28, 19, 11, 2, 7, 25}";4731.87;14216.9;15286;15274;0.75;0.860811;0.25;0.41423;0.089138;2.70665
9413;"{28, 19, 6}";"{28, 19, 6}";2646.8;2646.8;3795;3234;1;0.864474;1;0.429645;0.00274;2.70939
11100;"{5, 16, 1, 26}";"{5, 6, 17, 16, 22, 1, 28, 26}";9301.5;12324;7385;7183;1;0.867949;0.5;0.431449;0.02476;2.73415
4424;"{6, 2, 26, 25}";"{6, 5, 30, 16, 1, 22, 28, 19, 11, 2, 7, 25}";4731.87;14216.9;15286;15274;0.75;0.865;0.25;0.426913;0.092314;2.82646
12642;"{11, 5, 6}";"{11, 19, 5, 6}";7066.76;8357.76;5473;5267;1;0.868293;0.75;0.434793;0.012436;2.8389
11673;"{5, 16, 22, 17, 14}";"{5, 16, 4, 14}";9060.65;7461.36;7573;7165;0.6;0.861905;0.75;0.442298;0.017078;2.85597
11671;"{3, 10, 6}";"{3, 19, 1, 22, 16, 5, 17, 26, 11, 6}";3551.45;15190;17086;16044;0.666667;0.857364;0.2;0.436663;0.150412;3.00639
685;"{16, 5, 17, 2}";"{16, 30, 5, 17, 6, 28, 19, 3, 11, 1, 22, 2}";10384.3;16237.9;19573;16935;1;0.860606;0.333333;0.434314;0.170443;3.17683
3460;"{16, 1, 3}";"{16, 30, 5, 1, 22, 19, 28, 11, 3}";3568;12081.5;5901;5690;1;0.863704;0.333333;0.43207;0.038662;3.21549
13293;"{21, 10, 3}";"{21, 8, 10, 5, 30, 16, 1, 22, 28, 19, 11, 3}";3157;14576.5;10296;9023;1;0.866667;0.25;0.428112;0.066442;3.28193
12652;"{19, 28, 3}";"{19, 28, 11, 3}";2816.5;3595.5;4014;2262;1;0.869504;0.75;0.434961;0.003868;3.2858
2918;"{28, 19, 1}";"{28, 19, 3, 11, 6, 17, 1}";2129.79;6354.92;13766;13125;1;0.872222;0.428571;0.434828;0.02803;3.31383
12439;"{11, 3, 4}";"{11, 3, 19, 28, 6, 17, 2, 26, 16, 30, 10, 8, 4}";1982.5;13665.6;15731;15645;1;0.87483;0.230769;0.430663;0.135443;3.44928
232;"{11, 3, 6}";"{11, 19, 28, 1, 22, 5, 17, 16, 6}";2932;12799;7626;7088;0.666667;0.870667;0.222222;0.426495;0.03051;3.47979
8484;"{16, 5, 26}";"{16, 5, 17, 6, 1, 22, 19, 11, 26}";8823.5;14035;8948;8697;1;0.873203;0.333333;0.424668;0.029182;3.50897
10696;"{28, 19, 3, 11}";"{28, 19, 3, 11}";3596;3596;3501;2542;1;0.875641;1;0.435732;0.009135;3.5181
12281;"{11, 28, 19}";"{11, 3, 19}";2428.22;3230.72;6078;5250;0.666667;0.871698;0.666667;0.440089;0.003047;3.52115
685;"{16, 5, 17, 2}";"{16, 30, 5, 17, 6, 28, 19, 3, 11, 1, 22, 2}";10384.3;16237.9;19573;16935;1;0.874074;0.333333;0.438112;0.167586;3.68873
6757;"{11, 2, 17}";"{11, 19, 1, 22, 16, 5, 6, 17}";3955;12428.5;5581;5431;0.666667;0.870303;0.25;0.434692;0.021728;3.71046
11671;"{3, 10, 6}";"{3, 19, 1, 22, 16, 5, 17, 26, 11, 6}";3551.45;15190;17086;16044;0.666667;0.866667;0.2;0.430501;0.150616;3.86108
9311;"{1, 5, 6}";"{1, 16, 17, 6}";6766.6;4671.8;5433;5016;0.666667;0.863158;0.5;0.43172;0.00317;3.86425
6158;"{2, 19, 11}";"{2, 17, 6, 5, 30, 1, 22, 19, 11}";3958;12799.7;7601;7176;1;0.865517;0.333333;0.430024;0.033388;3.89764
961;"{16, 5, 1}";"{16, 5, 17, 6, 28, 19, 3, 11, 26, 1}";7688;15183;13898;12326;1;0.867797;0.3;0.42782;0.054127;3.95176
13565;"{19, 28, 5}";"{19, 28, 1, 22, 16, 5}";6961.5;9739.5;3944;3462;1;0.87;0.5;0.429023;0.007636;3.9594
13594;"{2, 28, 19}";"{2, 17, 6, 5, 30, 16, 10, 8, 21, 4, 1, 22, 19}";3549.42;16497.5;12734;12214;0.666667;0.866667;0.153846;0.424512;0.12985;4.08925
6757;"{11, 2, 17}";"{11, 19, 1, 22, 16, 5, 6, 17}";3955;12428.5;5581;5431;0.666667;0.863441;0.25;0.421697;0.02067;4.10992
11100;"{5, 16, 1, 26}";"{5, 6, 17, 16, 22, 1, 28, 26}";9301.5;12324;7385;7183;1;0.865608;0.5;0.42294;0.024432;4.13435
6158;"{2, 19, 11}";"{2, 17, 6, 5, 30, 1, 22, 19, 11}";3958;12799.7;7601;7176;1;0.867708;0.333333;0.42154;0.034504;4.16886
8304;"{3, 19, 28, 25}";"{3, 11, 19, 28, 2, 5, 30, 10, 8, 21, 4, 25}";3080;14010.6;14977;14948;1;0.869744;0.333333;0.420183;0.118558;4.28741
5753;"{2, 28, 3}";"{2, 26, 17, 16, 30, 10, 8, 21, 6, 19, 11, 3}";3420;13818.5;17286;16282;0.666667;0.866667;0.166667;0.416342;0.140455;4.42787
961;"{16, 5, 1}";"{16, 5, 17, 6, 28, 19, 3, 11, 26, 1}";7688;15183;13898;12326;1;0.868657;0.3;0.414606;0.055085;4.48295
9311;"{1, 5, 6}";"{1, 16, 17, 6}";6766.6;4671.8;5433;5016;0.666667;0.865686;0.5;0.415861;0.003335;4.48629
8304;"{3, 19, 28, 25}";"{3, 11, 19, 28, 2, 5, 30, 10, 8, 21, 4, 25}";3080;14010.6;14977;14948;1;0.867633;0.333333;0.414665;0.120638;4.60693
6161;"{16, 3, 26}";"{16, 5, 17, 2, 6, 1, 22, 28, 19, 3, 26}";4684.5;16683.4;14691;14595;1;0.869524;0.272727;0.412638;0.114323;4.72125
6158;"{2, 19, 11}";"{2, 17, 6, 5, 30, 1, 22, 19, 11}";3958;12799.7;7601;7176;1;0.871362;0.333333;0.411521;0.033385;4.75464
684;"{14, 16, 5}";"{14, 19, 3, 5}";7405.87;7951.03;10328;10270;0.666667;0.868519;0.5;0.41275;0.032642;4.78728
9413;"{28, 19, 6}";"{28, 19, 6}";2646.8;2646.8;3795;3234;1;0.87032;1;0.420794;0.002637;4.78991
4272;"{26, 2, 5}";"{26, 24, 28, 19, 3, 18, 5}";8798.56;10958.6;21957;17725;0.666667;0.867568;0.285714;0.418969;0.291587;5.0815
11671;"{3, 10, 6}";"{3, 19, 1, 22, 16, 5, 17, 26, 11, 6}";3551.45;15190;17086;16044;0.666667;0.864889;0.2;0.416049;0.157121;5.23862
6158;"{2, 19, 11}";"{2, 17, 6, 5, 30, 1, 22, 19, 11}";3958;12799.7;7601;7176;1;0.866667;0.333333;0.414961;0.033499;5.27212
684;"{14, 16, 5}";"{14, 19, 3, 5}";7405.87;7951.03;10328;10270;0.666667;0.864069;0.5;0.416065;0.033855;5.30598
731;"{5, 30, 16}";"{5, 1, 22, 16}";7611.7;8079;1667;1604;0.666667;0.861538;0.5;0.417141;0.001803;5.30778
9292;"{3, 22, 16, 30}";"{3, 11, 6, 17, 5, 1, 22, 19, 16, 30}";3842.73;13985.2;10499;10243;1;0.863291;0.4;0.416924;0.072959;5.38074
9292;"{3, 22, 16, 30}";"{3, 11, 6, 17, 5, 1, 22, 19, 16, 30}";3842.73;13985.2;10499;10243;1;0.865;0.4;0.416713;0.073177;5.45392
10425;"{5, 3, 22}";"{5, 6, 17, 2, 26, 16, 30, 1, 19, 11, 24, 22}";6842.88;16719.1;14355;14257;0.666667;0.862551;0.166667;0.413626;0.144681;5.5986
12653;"{6, 5, 1}";"{6, 5, 30, 16, 17, 2, 26, 19, 1}";6754;15146.1;11211;10646;1;0.864228;0.333333;0.412647;0.104547;5.70314
5243;"{14, 10, 21, 16, 1}";"{14, 16, 5, 19, 28, 1}";4582.67;9553.5;9023;8298;0.6;0.861044;0.5;0.413699;0.020523;5.72367
9311;"{1, 5, 6}";"{1, 16, 17, 6}";6766.6;4671.8;5433;5016;0.666667;0.85873;0.5;0.414726;0.003184;5.72685
12281;"{11, 28, 19}";"{11, 3, 19}";2428.22;3230.72;6078;5250;0.666667;0.856471;0.666667;0.41769;0.003203;5.73005
12710;"{28, 19, 3}";"{28, 11, 3}";2823.33;2313.03;2583;2031;0.666667;0.854264;0.666667;0.420585;0.00235;5.7324
12653;"{6, 5, 1}";"{6, 5, 30, 16, 17, 2, 26, 19, 1}";6754;15146.1;11211;10646;1;0.855939;0.333333;0.419583;0.103024;5.83543
11671;"{3, 10, 6}";"{3, 19, 1, 22, 16, 5, 17, 26, 11, 6}";3551.45;15190;17086;16044;0.666667;0.853788;0.2;0.417087;0.173145;6.00857
6757;"{11, 2, 17}";"{11, 19, 1, 22, 16, 5, 6, 17}";3955;12428.5;5581;5431;0.666667;0.851685;0.25;0.41521;0.021661;6.03023
8866;"{5, 22, 19, 8, 21, 6}";"{5, 16, 22, 1, 28, 19, 3, 11, 15, 6}";8991.32;13130.4;18551;18266;0.666667;0.84963;0.4;0.415041;0.083959;6.11419
10425;"{5, 3, 22}";"{5, 6, 17, 2, 26, 16, 30, 1, 19, 11, 24, 22}";6842.88;16719.1;14355;14257;0.666667;0.847619;0.166667;0.412312;0.139877;6.25407
684;"{14, 16, 5}";"{14, 19, 3, 5}";7405.87;7951.03;10328;10270;0.666667;0.845652;0.5;0.413265;0.032505;6.28657
4103;"{11, 24, 28}";"{11, 19, 1, 22, 16, 5, 17, 2, 6, 28}";1516.75;14682.3;11901;11240;0.666667;0.843728;0.2;0.410972;0.074197;6.36077
12110;"{3, 6, 1, 7}";"{3, 19, 6, 17, 5, 30, 16, 1, 22, 2, 26, 15, 25, 7}";2811.78;17635.5;16711;16628;1;0.84539;0.285714;0.409639;0.154549;6.51532
12110;"{3, 6, 1, 7}";"{3, 19, 6, 17, 5, 30, 16, 1, 22, 2, 26, 15, 25, 7}";2811.78;17635.5;16711;16628;1;0.847018;0.285714;0.408335;0.156256;6.67158
9292;"{3, 22, 16, 30}";"{3, 11, 6, 17, 5, 1, 22, 19, 16, 30}";3842.73;13985.2;10499;10243;1;0.848611;0.4;0.408248;0.077967;6.74954
684;"{14, 16, 5}";"{14, 19, 3, 5}";7405.87;7951.03;10328;10270;0.666667;0.846735;0.5;0.409194;0.033739;6.78328
12110;"{3, 6, 1, 7}";"{3, 19, 6, 17, 5, 30, 16, 1, 22, 2, 26, 15, 25, 7}";2811.78;17635.5;16711;16628;1;0.848299;0.285714;0.407934;0.153601;6.93688
10696;"{28, 19, 3, 11}";"{28, 19, 3, 11}";3596;3596;3501;2542;1;0.849832;1;0.413914;0.009361;6.94624
3460;"{16, 1, 3}";"{16, 30, 5, 1, 22, 19, 28, 11, 3}";3568;12081.5;5901;5690;1;0.851333;0.333333;0.413108;0.038088;6.98433
9292;"{3, 22, 16, 30}";"{3, 11, 6, 17, 5, 1, 22, 19, 16, 30}";3842.73;13985.2;10499;10243;1;0.852805;0.4;0.412978;0.074266;7.0586
11671;"{3, 10, 6}";"{3, 19, 1, 22, 16, 5, 17, 26, 11, 6}";3551.45;15190;17086;16044;0.666667;0.85098;0.2;0.41089;0.15127;7.20987
6158;"{2, 19, 11}";"{2, 17, 6, 5, 30, 1, 22, 19, 11}";3958;12799.7;7601;7176;1;0.852427;0.333333;0.410137;0.033397;7.24327
4272;"{26, 2, 5}";"{26, 24, 28, 19, 3, 18, 5}";8798.56;10958.6;21957;17725;0.666667;0.850641;0.285714;0.408941;0.289656;7.53292
5516;"{26, 5, 3}";"{26, 17, 6, 5, 16, 22, 1, 28, 19, 11, 3}";8071.96;15568.9;15710;11887;1;0.852063;0.272727;0.407644;0.067287;7.60021
5243;"{14, 10, 21, 16, 1}";"{14, 16, 5, 19, 28, 1}";4582.67;9553.5;9023;8298;0.6;0.849686;0.5;0.408515;0.020685;7.62089
6158;"{2, 19, 11}";"{2, 17, 6, 5, 30, 1, 22, 19, 11}";3958;12799.7;7601;7176;1;0.85109;0.333333;0.407812;0.034481;7.65537
4103;"{11, 24, 28}";"{11, 19, 1, 22, 16, 5, 17, 2, 6, 28}";1516.75;14682.3;11901;11240;0.666667;0.849383;0.2;0.405888;0.0719;7.72727
13594;"{2, 28, 19}";"{2, 17, 6, 5, 30, 16, 10, 8, 21, 4, 1, 22, 19}";3549.42;16497.5;12734;12214;0.666667;0.847706;0.153846;0.403576;0.127335;7.85461
9311;"{1, 5, 6}";"{1, 16, 17, 6}";6766.6;4671.8;5433;5016;0.666667;0.846061;0.5;0.404453;0.003152;7.85776
685;"{16, 5, 17, 2}";"{16, 30, 5, 17, 6, 28, 19, 3, 11, 1, 22, 2}";10384.3;16237.9;19573;16935;1;0.847447;0.333333;0.403812;0.167674;8.02543
13594;"{2, 28, 19}";"{2, 17, 6, 5, 30, 16, 10, 8, 21, 4, 1, 22, 19}";3549.42;16497.5;12734;12214;0.666667;0.845833;0.153846;0.40158;0.127155;8.15259
6161;"{16, 3, 26}";"{16, 5, 17, 2, 6, 1, 22, 28, 19, 3, 26}";4684.5;16683.4;14691;14595;1;0.847198;0.272727;0.40044;0.114612;8.2672
11673;"{5, 16, 22, 17, 14}";"{5, 16, 4, 14}";9060.65;7461.36;7573;7165;0.6;0.845029;0.75;0.403506;0.016721;8.28392
11100;"{5, 16, 1, 26}";"{5, 6, 17, 16, 22, 1, 28, 26}";9301.5;12324;7385;7183;1;0.846377;0.5;0.404345;0.024528;8.30845
12652;"{19, 28, 3}";"{19, 28, 11, 3}";2816.5;3595.5;4014;2262;1;0.847701;0.75;0.407325;0.003916;8.31237
684;"{14, 16, 5}";"{14, 19, 3, 5}";7405.87;7951.03;10328;10270;0.666667;0.846154;0.5;0.408117;0.033967;8.34633
6757;"{11, 2, 17}";"{11, 19, 1, 22, 16, 5, 6, 17}";3955;12428.5;5581;5431;0.666667;0.844633;0.25;0.406777;0.020664;8.367
4103;"{11, 24, 28}";"{11, 19, 1, 22, 16, 5, 17, 2, 6, 28}";1516.75;14682.3;11901;11240;0.666667;0.843137;0.2;0.405039;0.074622;8.44162
232;"{11, 3, 6}";"{11, 19, 28, 1, 22, 5, 17, 16, 6}";2932;12799;7626;7088;0.666667;0.841667;0.222222;0.403516;0.029748;8.47137
11673;"{5, 16, 22, 17, 14}";"{5, 16, 4, 14}";9060.65;7461.36;7573;7165;0.6;0.839669;0.75;0.406379;0.017913;8.48928
232;"{11, 3, 6}";"{11, 19, 28, 1, 22, 5, 17, 16, 6}";2932;12799;7626;7088;0.666667;0.838251;0.222222;0.40487;0.03126;8.52054
12947;"{5, 30, 1}";"{5, 2, 6, 1}";6183.67;8671.34;6252;6206;0.666667;0.836856;0.5;0.405643;0.016209;8.53675
13594;"{2, 28, 19}";"{2, 17, 6, 5, 30, 16, 10, 8, 21, 4, 1, 22, 19}";3549.42;16497.5;12734;12214;0.666667;0.835484;0.153846;0.403613;0.130413;8.66716
13317;"{1, 5, 2, 11}";"{1, 16, 30, 5, 6, 17, 10, 8, 21, 14, 2, 26, 19, 3, 11}";8457.16;19805.1;21573;21233;1;0.8368;0.266667;0.402517;0.244553;8.91172
12438;"{1, 22, 16}";"{1, 22, 5, 6, 17, 2, 26, 16}";2758;13843;10387;7721;1;0.838095;0.375;0.402299;0.115934;9.02765
12438;"{1, 22, 16}";"{1, 22, 5, 6, 17, 2, 26, 16}";2758;13843;10387;7721;1;0.83937;0.375;0.402084;0.116721;9.14437
5516;"{26, 5, 3}";"{26, 17, 6, 5, 16, 22, 1, 28, 19, 11, 3}";8071.96;15568.9;15710;11887;1;0.840625;0.272727;0.401073;0.066843;9.21121
731;"{5, 30, 16}";"{5, 1, 22, 16}";7611.7;8079;1667;1604;0.666667;0.839276;0.5;0.40184;0.00215;9.21336
6161;"{16, 3, 26}";"{16, 5, 17, 2, 6, 1, 22, 28, 19, 3, 26}";4684.5;16683.4;14691;14595;1;0.840513;0.272727;0.400847;0.119843;9.33321
5516;"{26, 5, 3}";"{26, 17, 6, 5, 16, 22, 1, 28, 19, 11, 3}";8071.96;15568.9;15710;11887;1;0.84173;0.272727;0.399869;0.067337;9.40054
13674;"{1, 5, 16}";"{1, 22, 16}";7704.85;2774.85;2846;2705;0.666667;0.840404;0.666667;0.40189;0.002149;9.40269
12807;"{13, 19, 28}";"{13, 27, 11, 19, 1, 22, 5, 17, 6, 16, 28}";1712.5;12872.5;13069;13068;1;0.841604;0.272727;0.400919;0.049909;9.4526
12710;"{28, 19, 3}";"{28, 11, 3}";2823.33;2313.03;2583;2031;0.666667;0.840299;0.666667;0.402902;0.002398;9.455
13594;"{2, 28, 19}";"{2, 17, 6, 5, 30, 16, 10, 8, 21, 4, 1, 22, 19}";3549.42;16497.5;12734;12214;0.666667;0.839012;0.153846;0.401057;0.131824;9.58682
684;"{14, 16, 5}";"{14, 19, 3, 5}";7405.87;7951.03;10328;10270;0.666667;0.837745;0.5;0.401785;0.033782;9.62061
13594;"{2, 28, 19}";"{2, 17, 6, 5, 30, 16, 10, 8, 21, 4, 1, 22, 19}";3549.42;16497.5;12734;12214;0.666667;0.836496;0.153846;0.399975;0.124785;9.74539
625;"{2, 5, 6}";"{2, 5, 6}";8168.02;8168.02;6410;5325;1;0.837681;1;0.404323;0.020111;9.7655
731;"{5, 30, 16}";"{5, 1, 22, 16}";7611.7;8079;1667;1604;0.666667;0.836451;0.5;0.405011;0.001984;9.76749
1987;"{1, 3, 16, 5}";"{1, 22, 28, 19, 11, 3, 5}";8869.5;9769;9555;7094;0.75;0.835833;0.428571;0.40518;0.047885;9.81537
6158;"{2, 19, 11}";"{2, 17, 6, 5, 30, 1, 22, 19, 11}";3958;12799.7;7601;7176;1;0.836998;0.333333;0.40467;0.033744;9.84911
5753;"{2, 28, 3}";"{2, 26, 17, 16, 30, 10, 8, 21, 6, 19, 11, 3}";3420;13818.5;17286;16282;0.666667;0.835798;0.166667;0.402994;0.144908;9.99402
12653;"{6, 5, 1}";"{6, 5, 30, 16, 17, 2, 26, 19, 1}";6754;15146.1;11211;10646;1;0.836946;0.333333;0.402507;0.102076;10.0961
684;"{14, 16, 5}";"{14, 19, 3, 5}";7405.87;7951.03;10328;10270;0.666667;0.835764;0.5;0.403184;0.03451;10.1306
8304;"{3, 19, 28, 25}";"{3, 11, 19, 28, 2, 5, 30, 10, 8, 21, 4, 25}";3080;14010.6;14977;14948;1;0.836897;0.333333;0.402702;0.124905;10.2555
12807;"{13, 19, 28}";"{13, 27, 11, 19, 1, 22, 5, 17, 6, 16, 28}";1712.5;12872.5;13069;13068;1;0.838014;0.272727;0.401812;0.053816;10.3093
5753;"{2, 28, 3}";"{2, 26, 17, 16, 30, 10, 8, 21, 6, 19, 11, 3}";3420;13818.5;17286;16282;0.666667;0.836848;0.166667;0.400212;0.147939;10.4573
12710;"{28, 19, 3}";"{28, 11, 3}";2823.33;2313.03;2583;2031;0.666667;0.835698;0.666667;0.402013;0.002405;10.4597
5243;"{14, 10, 21, 16, 1}";"{14, 16, 5, 19, 28, 1}";4582.67;9553.5;9023;8298;0.6;0.834116;0.5;0.40267;0.020473;10.4801
13594;"{2, 28, 19}";"{2, 17, 6, 5, 30, 16, 10, 8, 21, 4, 1, 22, 19}";3549.42;16497.5;12734;12214;0.666667;0.833;0.153846;0.401012;0.125312;10.6055
13293;"{21, 10, 3}";"{21, 8, 10, 5, 30, 16, 1, 22, 28, 19, 11, 3}";3157;14576.5;10296;9023;1;0.834106;0.25;0.400011;0.06613;10.6716
4424;"{6, 2, 26, 25}";"{6, 5, 30, 16, 1, 22, 28, 19, 11, 2, 7, 25}";4731.87;14216.9;15286;15274;0.75;0.833553;0.25;0.399025;0.096076;10.7677
13317;"{1, 5, 2, 11}";"{1, 16, 30, 5, 6, 17, 10, 8, 21, 14, 2, 26, 19, 3, 11}";8457.16;19805.1;21573;21233;1;0.834641;0.266667;0.398159;0.24028;11.0079
4364;"{24, 28, 19, 3}";"{24, 11, 3}";3205.39;2334.89;5271;4608;0.5;0.832468;0.666667;0.399903;0.002849;11.0108
9413;"{28, 19, 6}";"{28, 19, 6}";2646.8;2646.8;3795;3234;1;0.833548;1;0.403775;0.002628;11.0134
731;"{5, 30, 16}";"{5, 1, 22, 16}";7611.7;8079;1667;1604;0.666667;0.832479;0.5;0.404391;0.001878;11.0153
10696;"{28, 19, 3, 11}";"{28, 19, 3, 11}";3596;3596;3501;2542;1;0.833546;1;0.408185;0.009107;11.0244
13053;"{8, 3, 26}";"{8, 5, 1, 22, 16, 17, 6, 26}";3271.85;12469.9;23704;22475;0.666667;0.832489;0.25;0.407184;0.0324;11.0568
4424;"{6, 2, 26, 25}";"{6, 5, 30, 16, 1, 22, 28, 19, 11, 2, 7, 25}";4731.87;14216.9;15286;15274;0.75;0.831971;0.25;0.406195;0.095073;11.1519
6158;"{2, 19, 11}";"{2, 17, 6, 5, 30, 1, 22, 19, 11}";3958;12799.7;7601;7176;1;0.833021;0.333333;0.40574;0.034944;11.1868
13293;"{21, 10, 3}";"{21, 8, 10, 5, 30, 16, 1, 22, 28, 19, 11, 3}";3157;14576.5;10296;9023;1;0.834058;0.25;0.404773;0.066237;11.2531
9311;"{1, 5, 6}";"{1, 16, 17, 6}";6766.6;4671.8;5433;5016;0.666667;0.833025;0.5;0.40536;0.003213;11.2563
13318;"{11, 3, 19}";"{11, 3, 19}";3231.64;3231.64;4425;2798;1;0.834049;1;0.409009;0.003416;11.2597
10425;"{5, 3, 22}";"{5, 6, 17, 2, 26, 16, 30, 1, 19, 11, 24, 22}";6842.88;16719.1;14355;14257;0.666667;0.833028;0.166667;0.407531;0.142893;11.4026
1393;"{19, 28, 24}";"{19, 1, 16, 30, 5, 6, 17, 2, 24}";2051;13957.6;7777;7679;0.666667;0.83202;0.222222;0.406408;0.061109;11.4637
12438;"{1, 22, 16}";"{1, 22, 5, 6, 17, 2, 26, 16}";2758;13843;10387;7721;1;0.833032;0.375;0.406219;0.113287;11.577
684;"{14, 16, 5}";"{14, 19, 3, 5}";7405.87;7951.03;10328;10270;0.666667;0.832036;0.5;0.40678;0.032902;11.6099
9413;"{28, 19, 6}";"{28, 19, 6}";2646.8;2646.8;3795;3234;1;0.833036;1;0.410311;0.00267;11.6126
6757;"{11, 2, 17}";"{11, 19, 1, 22, 16, 5, 6, 17}";3955;12428.5;5581;5431;0.666667;0.832051;0.25;0.409363;0.021032;11.6336
11100;"{5, 16, 1, 26}";"{5, 6, 17, 16, 22, 1, 28, 26}";9301.5;12324;7385;7183;1;0.833039;0.5;0.409896;0.024587;11.6582
6161;"{16, 3, 26}";"{16, 5, 17, 2, 6, 1, 22, 28, 19, 3, 26}";4684.5;16683.4;14691;14595;1;0.834016;0.272727;0.409094;0.117595;11.7758
5753;"{2, 28, 3}";"{2, 26, 17, 16, 30, 10, 8, 21, 6, 19, 11, 3}";3420;13818.5;17286;16282;0.666667;0.833043;0.166667;0.407684;0.172261;11.948
5753;"{2, 28, 3}";"{2, 26, 17, 16, 30, 10, 8, 21, 6, 19, 11, 3}";3420;13818.5;17286;16282;0.666667;0.832081;0.166667;0.406291;0.145538;12.0936
6161;"{16, 3, 26}";"{16, 5, 17, 2, 6, 1, 22, 28, 19, 3, 26}";4684.5;16683.4;14691;14595;1;0.833046;0.272727;0.405523;0.122276;12.2158
5651;"{5, 17, 28}";"{5, 28}";6951.32;5664.82;5257;5035;0.666667;0.832095;1;0.40892;0.007603;12.2234
5243;"{14, 10, 21, 16, 1}";"{14, 16, 5, 19, 28, 1}";4582.67;9553.5;9023;8298;0.6;0.830777;0.5;0.409438;0.02118;12.2446
8484;"{16, 5, 26}";"{16, 5, 17, 6, 1, 22, 19, 11, 26}";8823.5;14035;8948;8697;1;0.831733;0.333333;0.409008;0.030186;12.2748
9292;"{3, 22, 16, 30}";"{3, 11, 6, 17, 5, 1, 22, 19, 16, 30}";3842.73;13985.2;10499;10243;1;0.832678;0.4;0.408957;0.075117;12.3499
9292;"{3, 22, 16, 30}";"{3, 11, 6, 17, 5, 1, 22, 19, 16, 30}";3842.73;13985.2;10499;10243;1;0.833613;0.4;0.408907;0.075657;12.4256
10425;"{5, 3, 22}";"{5, 6, 17, 2, 26, 16, 30, 1, 19, 11, 24, 22}";6842.88;16719.1;14355;14257;0.666667;0.832685;0.166667;0.407561;0.140591;12.5662
92;"{16, 22, 1, 3}";"{16, 17, 6, 19, 28, 26, 11, 3}";3943.68;9408.5;12172;10687;0.5;0.830847;0.25;0.406691;0.03226;12.5984
961;"{16, 5, 1}";"{16, 5, 17, 6, 28, 19, 3, 11, 26, 1}";7688;15183;13898;12326;1;0.831777;0.3;0.406105;0.057881;12.6563
8484;"{16, 5, 26}";"{16, 5, 17, 6, 1, 22, 19, 11, 26}";8823.5;14035;8948;8697;1;0.832696;0.333333;0.405707;0.030771;12.6871
5243;"{14, 10, 21, 16, 1}";"{14, 16, 5, 19, 28, 1}";4582.67;9553.5;9023;8298;0.6;0.831431;0.5;0.40622;0.019811;12.7069
13318;"{11, 3, 19}";"{11, 3, 19}";3231.64;3231.64;4425;2798;1;0.832342;1;0.409429;0.003854;12.7108
1393;"{19, 28, 24}";"{19, 1, 16, 30, 5, 6, 17, 2, 24}";2051;13957.6;7777;7679;0.666667;0.831452;0.222222;0.408423;0.059567;12.7703
13293;"{21, 10, 3}";"{21, 8, 10, 5, 30, 16, 1, 22, 28, 19, 11, 3}";3157;14576.5;10296;9023;1;0.832353;0.25;0.407576;0.064355;12.8347
6398;"{3, 16, 5}";"{3, 19, 28, 1, 22, 16, 5}";8316.5;10839.5;11220;4871;1;0.833245;0.428571;0.407687;0.084761;12.9194
13053;"{8, 3, 26}";"{8, 5, 1, 22, 16, 17, 6, 26}";3271.85;12469.9;23704;22475;0.666667;0.832363;0.25;0.406853;0.031263;12.9507
6398;"{3, 16, 5}";"{3, 19, 28, 1, 22, 16, 5}";8316.5;10839.5;11220;4871;1;0.833246;0.428571;0.406967;0.086452;13.0371
10696;"{28, 19, 3, 11}";"{28, 19, 3, 11}";3596;3596;3501;2542;1;0.834119;1;0.410072;0.009484;13.0466
12653;"{6, 5, 1}";"{6, 5, 30, 16, 17, 2, 26, 19, 1}";6754;15146.1;11211;10646;1;0.834983;0.333333;0.409672;0.105663;13.1523
6161;"{16, 3, 26}";"{16, 5, 17, 2, 6, 1, 22, 28, 19, 3, 26}";4684.5;16683.4;14691;14595;1;0.835838;0.272727;0.408963;0.112956;13.2653
8676;"{28, 19, 3}";"{28, 19, 11, 3}";2815.5;3594.89;4682;3951;1;0.836684;0.75;0.410721;0.002689;13.2679
13594;"{2, 28, 19}";"{2, 17, 6, 5, 30, 16, 10, 8, 21, 4, 1, 22, 19}";3549.42;16497.5;12734;12214;0.666667;0.835812;0.153846;0.409403;0.128604;13.3965
8484;"{16, 5, 26}";"{16, 5, 17, 6, 1, 22, 19, 11, 26}";8823.5;14035;8948;8697;1;0.83665;0.333333;0.409015;0.03016;13.4267
10696;"{28, 19, 3, 11}";"{28, 19, 3, 11}";3596;3596;3501;2542;1;0.837479;1;0.412015;0.008924;13.4356
6757;"{11, 2, 17}";"{11, 19, 1, 22, 16, 5, 6, 17}";3955;12428.5;5581;5431;0.666667;0.836616;0.25;0.411197;0.020737;13.4564
6398;"{3, 16, 5}";"{3, 19, 28, 1, 22, 16, 5}";8316.5;10839.5;11220;4871;1;0.837437;0.428571;0.411284;0.092183;13.5485
9311;"{1, 5, 6}";"{1, 16, 17, 6}";6766.6;4671.8;5433;5016;0.666667;0.836583;0.5;0.411728;0.003351;13.5519
7168;"{2, 6, 16}";"{2, 17, 6, 16}";4784.64;6074.14;4877;4039;1;0.837396;0.75;0.413411;0.004405;13.5563
12110;"{3, 6, 1, 7}";"{3, 19, 6, 17, 5, 30, 16, 1, 22, 2, 26, 15, 25, 7}";2811.78;17635.5;16711;16628;1;0.838201;0.285714;0.412779;0.164652;13.721
961;"{16, 5, 1}";"{16, 5, 17, 6, 28, 19, 3, 11, 26, 1}";7688;15183;13898;12326;1;0.838998;0.3;0.412223;0.053927;13.7749
684;"{14, 16, 5}";"{14, 19, 3, 5}";7405.87;7951.03;10328;10270;0.666667;0.838154;0.5;0.412653;0.032681;13.8076
13565;"{19, 28, 5}";"{19, 28, 1, 22, 16, 5}";6961.5;9739.5;3944;3462;1;0.838943;0.5;0.413079;0.008268;13.8158
4103;"{11, 24, 28}";"{11, 19, 1, 22, 16, 5, 17, 2, 6, 28}";1516.75;14682.3;11901;11240;0.666667;0.838107;0.2;0.412045;0.07179;13.8876
12110;"{3, 6, 1, 7}";"{3, 19, 6, 17, 5, 30, 16, 1, 22, 2, 26, 15, 25, 7}";2811.78;17635.5;16711;16628;1;0.838889;0.285714;0.411435;0.154867;14.0425
12439;"{11, 3, 4}";"{11, 3, 19, 28, 6, 17, 2, 26, 16, 30, 10, 8, 4}";1982.5;13665.6;15731;15645;1;0.839663;0.230769;0.410566;0.146398;14.1889
961;"{16, 5, 1}";"{16, 5, 17, 6, 28, 19, 3, 11, 26, 1}";7688;15183;13898;12326;1;0.840431;0.3;0.410037;0.054129;14.243
3460;"{16, 1, 3}";"{16, 30, 5, 1, 22, 19, 28, 11, 3}";3568;12081.5;5901;5690;1;0.84119;0.333333;0.409672;0.038928;14.2819
8905;"{11, 3, 19}";"{11, 3, 19}";3234.21;3234.21;3354;3142;1;0.841943;1;0.41247;0.001925;14.2839
13317;"{1, 5, 2, 11}";"{1, 16, 30, 5, 6, 17, 10, 8, 21, 14, 2, 26, 19, 3, 11}";8457.16;19805.1;21573;21233;1;0.842689;0.266667;0.411782;0.24976;14.5336
11671;"{3, 10, 6}";"{3, 19, 1, 22, 16, 5, 17, 26, 11, 6}";3551.45;15190;17086;16044;0.666667;0.841862;0.2;0.410788;0.17578;14.7094
6398;"{3, 16, 5}";"{3, 19, 28, 1, 22, 16, 5}";8316.5;10839.5;11220;4871;1;0.842601;0.428571;0.410871;0.091579;14.801
11100;"{5, 16, 1, 26}";"{5, 6, 17, 16, 22, 1, 28, 26}";9301.5;12324;7385;7183;1;0.843333;0.5;0.411285;0.025096;14.8261
10425;"{5, 3, 22}";"{5, 6, 17, 2, 26, 16, 30, 1, 19, 11, 24, 22}";6842.88;16719.1;14355;14257;0.666667;0.842515;0.166667;0.410153;0.140443;14.9665
13594;"{2, 28, 19}";"{2, 17, 6, 5, 30, 16, 10, 8, 21, 4, 1, 22, 19}";3549.42;16497.5;12734;12214;0.666667;0.841705;0.153846;0.408972;0.126671;15.0932
13293;"{21, 10, 3}";"{21, 8, 10, 5, 30, 16, 1, 22, 28, 19, 11, 3}";3157;14576.5;10296;9023;1;0.842431;0.25;0.408242;0.070137;15.1633
11673;"{5, 16, 22, 17, 14}";"{5, 16, 4, 14}";9060.65;7461.36;7573;7165;0.6;0.841324;0.75;0.409803;0.01697;15.1803
4424;"{6, 2, 26, 25}";"{6, 5, 30, 16, 1, 22, 28, 19, 11, 2, 7, 25}";4731.87;14216.9;15286;15274;0.75;0.840909;0.25;0.409077;0.090131;15.2704
9311;"{1, 5, 6}";"{1, 16, 17, 6}";6766.6;4671.8;5433;5016;0.666667;0.840121;0.5;0.409488;0.00323;15.2737
12439;"{11, 3, 4}";"{11, 3, 19, 28, 6, 17, 2, 26, 16, 30, 10, 8, 4}";1982.5;13665.6;15731;15645;1;0.840841;0.230769;0.408683;0.144722;15.4184
12110;"{3, 6, 1, 7}";"{3, 19, 6, 17, 5, 30, 16, 1, 22, 2, 26, 15, 25, 7}";2811.78;17635.5;16711;16628;1;0.841555;0.285714;0.408132;0.163547;15.5819
13565;"{19, 28, 5}";"{19, 28, 1, 22, 16, 5}";6961.5;9739.5;3944;3462;1;0.842262;0.5;0.408542;0.008276;15.5902
12110;"{3, 6, 1, 7}";"{3, 19, 6, 17, 5, 30, 16, 1, 22, 2, 26, 15, 25, 7}";2811.78;17635.5;16711;16628;1;0.842963;0.285714;0.407996;0.156605;15.7468
13674;"{1, 5, 16}";"{1, 22, 16}";7704.85;2774.85;2846;2705;0.666667;0.842183;0.666667;0.40914;0.002117;15.7489
12439;"{11, 3, 4}";"{11, 3, 19, 28, 6, 17, 2, 26, 16, 30, 10, 8, 4}";1982.5;13665.6;15731;15645;1;0.842878;0.230769;0.408355;0.142223;15.8912
6161;"{16, 3, 26}";"{16, 5, 17, 2, 6, 1, 22, 28, 19, 3, 26}";4684.5;16683.4;14691;14595;1;0.843567;0.272727;0.40776;0.120055;16.0112
13293;"{21, 10, 3}";"{21, 8, 10, 5, 30, 16, 1, 22, 28, 19, 11, 3}";3157;14576.5;10296;9023;1;0.84425;0.25;0.407071;0.064934;16.0761
7168;"{2, 6, 16}";"{2, 17, 6, 16}";4784.64;6074.14;4877;4039;1;0.844928;0.75;0.408562;0.005695;16.0818
685;"{16, 5, 17, 2}";"{16, 30, 5, 17, 6, 28, 19, 3, 11, 1, 22, 2}";10384.3;16237.9;19573;16935;1;0.845599;0.333333;0.408236;0.172219;16.2541
8304;"{3, 19, 28, 25}";"{3, 11, 19, 28, 2, 5, 30, 10, 8, 21, 4, 25}";3080;14010.6;14977;14948;1;0.846264;0.333333;0.407913;0.131263;16.3853
961;"{16, 5, 1}";"{16, 5, 17, 6, 28, 19, 3, 11, 26, 1}";7688;15183;13898;12326;1;0.846924;0.3;0.40745;0.057052;16.4424
684;"{14, 16, 5}";"{14, 19, 3, 5}";7405.87;7951.03;10328;10270;0.666667;0.846154;0.5;0.407846;0.035456;16.4778
6161;"{16, 3, 26}";"{16, 5, 17, 2, 6, 1, 22, 28, 19, 3, 26}";4684.5;16683.4;14691;14595;1;0.846809;0.272727;0.407271;0.121492;16.5993
9311;"{1, 5, 6}";"{1, 16, 17, 6}";6766.6;4671.8;5433;5016;0.666667;0.846045;0.5;0.407664;0.003314;16.6026
9292;"{3, 22, 16, 30}";"{3, 11, 6, 17, 5, 1, 22, 19, 16, 30}";3842.73;13985.2;10499;10243;1;0.846695;0.4;0.407631;0.077497;16.6801
5753;"{2, 28, 3}";"{2, 26, 17, 16, 30, 10, 8, 21, 6, 19, 11, 3}";3420;13818.5;17286;16282;0.666667;0.845938;0.166667;0.406619;0.151425;16.8316
12710;"{28, 19, 3}";"{28, 11, 3}";2823.33;2313.03;2583;2031;0.666667;0.845188;0.666667;0.407707;0.002554;16.8341
2918;"{28, 19, 1}";"{28, 19, 3, 11, 6, 17, 1}";2129.79;6354.92;13766;13125;1;0.845833;0.428571;0.407794;0.028559;16.8627
13594;"{2, 28, 19}";"{2, 17, 6, 5, 30, 16, 10, 8, 21, 4, 1, 22, 19}";3549.42;16497.5;12734;12214;0.666667;0.84509;0.153846;0.40674;0.130644;16.9933
6700;"{5, 30, 16}";"{5, 28, 19, 11, 3, 16}";7566.4;10780.9;16843;15319;0.666667;0.844353;0.333333;0.406437;0.04372;17.037
6757;"{11, 2, 17}";"{11, 19, 1, 22, 16, 5, 6, 17}";3955;12428.5;5581;5431;0.666667;0.843621;0.25;0.405793;0.021112;17.0581
12653;"{6, 5, 1}";"{6, 5, 30, 16, 17, 2, 26, 19, 1}";6754;15146.1;11211;10646;1;0.844262;0.333333;0.405496;0.108777;17.1669
12652;"{19, 28, 3}";"{19, 28, 11, 3}";2816.5;3595.5;4014;2262;1;0.844898;0.75;0.406902;0.003977;17.1709
13053;"{8, 3, 26}";"{8, 5, 1, 22, 16, 17, 6, 26}";3271.85;12469.9;23704;22475;0.666667;0.844173;0.25;0.406264;0.031756;17.2027
8866;"{5, 22, 19, 8, 21, 6}";"{5, 16, 22, 1, 28, 19, 3, 11, 15, 6}";8991.32;13130.4;18551;18266;0.666667;0.843455;0.4;0.406239;0.090415;17.2931
8484;"{16, 5, 26}";"{16, 5, 17, 6, 1, 22, 19, 11, 26}";8823.5;14035;8948;8697;1;0.844086;0.333333;0.405945;0.033508;17.3266
961;"{16, 5, 1}";"{16, 5, 17, 6, 28, 19, 3, 11, 26, 1}";7688;15183;13898;12326;1;0.844712;0.3;0.40552;0.058187;17.3848
11671;"{3, 10, 6}";"{3, 19, 1, 22, 16, 5, 17, 26, 11, 6}";3551.45;15190;17086;16044;0.666667;0.844;0.2;0.404697;0.163694;17.5485
4424;"{6, 2, 26, 25}";"{6, 5, 30, 16, 1, 22, 28, 19, 11, 2, 7, 25}";4731.87;14216.9;15286;15274;0.75;0.843625;0.25;0.404081;0.089832;17.6383
12807;"{13, 19, 28}";"{13, 27, 11, 19, 1, 22, 5, 17, 6, 16, 28}";1712.5;12872.5;13069;13068;1;0.844246;0.272727;0.40356;0.050596;17.6889
6158;"{2, 19, 11}";"{2, 17, 6, 5, 30, 1, 22, 19, 11}";3958;12799.7;7601;7176;1;0.844862;0.333333;0.403282;0.035183;17.7241
6757;"{11, 2, 17}";"{11, 19, 1, 22, 16, 5, 6, 17}";3955;12428.5;5581;5431;0.666667;0.84416;0.25;0.402679;0.021751;17.7458
4103;"{11, 24, 28}";"{11, 19, 1, 22, 16, 5, 17, 2, 6, 28}";1516.75;14682.3;11901;11240;0.666667;0.843464;0.2;0.401884;0.073942;17.8198
5753;"{2, 28, 3}";"{2, 26, 17, 16, 30, 10, 8, 21, 6, 19, 11, 3}";3420;13818.5;17286;16282;0.666667;0.842773;0.166667;0.400965;0.144655;17.9644
10696;"{28, 19, 3, 11}";"{28, 19, 3, 11}";3596;3596;3501;2542;1;0.843385;1;0.403296;0.008865;17.9733
12110;"{3, 6, 1, 7}";"{3, 19, 6, 17, 5, 30, 16, 1, 22, 2, 26, 15, 25, 7}";2811.78;17635.5;16711;16628;1;0.843992;0.285714;0.40284;0.158203;18.1315
6158;"{2, 19, 11}";"{2, 17, 6, 5, 30, 1, 22, 19, 11}";3958;12799.7;7601;7176;1;0.844595;0.333333;0.402572;0.034043;18.1655
13293;"{21, 10, 3}";"{21, 8, 10, 5, 30, 16, 1, 22, 28, 19, 11, 3}";3157;14576.5;10296;9023;1;0.845192;0.25;0.401985;0.066291;18.2318
12653;"{6, 5, 1}";"{6, 5, 30, 16, 17, 2, 26, 19, 1}";6754;15146.1;11211;10646;1;0.845785;0.333333;0.401722;0.108001;18.3398
9292;"{3, 22, 16, 30}";"{3, 11, 6, 17, 5, 1, 22, 19, 16, 30}";3842.73;13985.2;10499;10243;1;0.846374;0.4;0.401716;0.078304;18.4181
232;"{11, 3, 6}";"{11, 19, 28, 1, 22, 5, 17, 16, 6}";2932;12799;7626;7088;0.666667;0.845691;0.222222;0.401033;0.037722;18.4559
4424;"{6, 2, 26, 25}";"{6, 5, 30, 16, 1, 22, 28, 19, 11, 2, 7, 25}";4731.87;14216.9;15286;15274;0.75;0.845328;0.25;0.400461;0.093824;18.5497
3460;"{16, 1, 3}";"{16, 30, 5, 1, 22, 19, 28, 11, 3}";3568;12081.5;5901;5690;1;0.845912;0.333333;0.400208;0.038535;18.5882
1393;"{19, 28, 24}";"{19, 1, 16, 30, 5, 6, 17, 2, 24}";2051;13957.6;7777;7679;0.666667;0.845238;0.222222;0.399539;0.057926;18.6461
3460;"{16, 1, 3}";"{16, 30, 5, 1, 22, 19, 28, 11, 3}";3568;12081.5;5901;5690;1;0.845818;0.333333;0.399291;0.03861;18.6847
13293;"{21, 10, 3}";"{21, 8, 10, 5, 30, 16, 1, 22, 28, 19, 11, 3}";3157;14576.5;10296;9023;1;0.846393;0.25;0.398734;0.064951;18.7497
13317;"{1, 5, 2, 11}";"{1, 16, 30, 5, 6, 17, 10, 8, 21, 14, 2, 26, 19, 3, 11}";8457.16;19805.1;21573;21233;1;0.846964;0.266667;0.398243;0.252086;19.0018
684;"{14, 16, 5}";"{14, 19, 3, 5}";7405.87;7951.03;10328;10270;0.666667;0.846296;0.5;0.398619;0.034566;19.0363
8484;"{16, 5, 26}";"{16, 5, 17, 6, 1, 22, 19, 11, 26}";8823.5;14035;8948;8697;1;0.846863;0.333333;0.398379;0.031099;19.0674
6158;"{2, 19, 11}";"{2, 17, 6, 5, 30, 1, 22, 19, 11}";3958;12799.7;7601;7176;1;0.847426;0.333333;0.398139;0.036498;19.1039
10008;"{26, 3, 5, 6}";"{26, 17, 5, 1, 22, 19, 6}";9056.42;11333.9;10232;9689;0.75;0.84707;0.428571;0.398251;0.023602;19.1275
9292;"{3, 22, 16, 30}";"{3, 11, 6, 17, 5, 1, 22, 19, 16, 30}";3842.73;13985.2;10499;10243;1;0.847628;0.4;0.398257;0.076909;19.2045
13565;"{19, 28, 5}";"{19, 28, 1, 22, 16, 5}";6961.5;9739.5;3944;3462;1;0.848182;0.5;0.398627;0.008184;19.2126
684;"{14, 16, 5}";"{14, 19, 3, 5}";7405.87;7951.03;10328;10270;0.666667;0.847524;0.5;0.398995;0.034698;19.2473
8484;"{16, 5, 26}";"{16, 5, 17, 6, 1, 22, 19, 11, 26}";8823.5;14035;8948;8697;1;0.848075;0.333333;0.398757;0.030799;19.2781
13009;"{15, 12, 25}";"{15, 25}";766.647;747.828;2978;2876;0.666667;0.847422;1;0.40092;0.001211;19.2793
8484;"{16, 5, 26}";"{16, 5, 17, 6, 1, 22, 19, 11, 26}";8823.5;14035;8948;8697;1;0.847969;0.333333;0.400678;0.032216;19.3116
13293;"{21, 10, 3}";"{21, 8, 10, 5, 30, 16, 1, 22, 28, 19, 11, 3}";3157;14576.5;10296;9023;1;0.848512;0.25;0.40014;0.06793;19.3795
9413;"{28, 19, 6}";"{28, 19, 6}";2646.8;2646.8;3795;3234;1;0.849051;1;0.402275;0.002685;19.3822
1987;"{1, 3, 16, 5}";"{1, 22, 28, 19, 11, 3, 5}";8869.5;9769;9555;7094;0.75;0.8487;0.428571;0.402368;0.048886;19.4311
3460;"{16, 1, 3}";"{16, 30, 5, 1, 22, 19, 28, 11, 3}";3568;12081.5;5901;5690;1;0.849234;0.333333;0.402124;0.038178;19.4692
12110;"{3, 6, 1, 7}";"{3, 19, 6, 17, 5, 30, 16, 1, 22, 2, 26, 15, 25, 7}";2811.78;17635.5;16711;16628;1;0.849765;0.285714;0.401714;0.165382;19.6346
8866;"{5, 22, 19, 8, 21, 6}";"{5, 16, 22, 1, 28, 19, 3, 11, 15, 6}";8991.32;13130.4;18551;18266;0.666667;0.849123;0.4;0.401708;0.094895;19.7295
12110;"{3, 6, 1, 7}";"{3, 19, 6, 17, 5, 30, 16, 1, 22, 2, 26, 15, 25, 7}";2811.78;17635.5;16711;16628;1;0.84965;0.285714;0.401302;0.157943;19.8875
5516;"{26, 5, 3}";"{26, 17, 6, 5, 16, 22, 1, 28, 19, 11, 3}";8071.96;15568.9;15710;11887;1;0.850174;0.272727;0.400854;0.068784;19.9562
8304;"{3, 19, 28, 25}";"{3, 11, 19, 28, 2, 5, 30, 10, 8, 21, 4, 25}";3080;14010.6;14977;14948;1;0.850694;0.333333;0.40062;0.12819;20.0844
12710;"{28, 19, 3}";"{28, 11, 3}";2823.33;2313.03;2583;2031;0.666667;0.850058;0.666667;0.401541;0.002513;20.087
961;"{16, 5, 1}";"{16, 5, 17, 6, 28, 19, 3, 11, 26, 1}";7688;15183;13898;12326;1;0.850575;0.3;0.40119;0.056414;20.1434
10696;"{28, 19, 3, 11}";"{28, 19, 3, 11}";3596;3596;3501;2542;1;0.851088;1;0.403248;0.009487;20.1529
12438;"{1, 22, 16}";"{1, 22, 5, 6, 17, 2, 26, 16}";2758;13843;10387;7721;1;0.851598;0.375;0.403151;0.122952;20.2758
12281;"{11, 28, 19}";"{11, 3, 19}";2428.22;3230.72;6078;5250;0.666667;0.850967;0.666667;0.404051;0.003321;20.2791
5516;"{26, 5, 3}";"{26, 17, 6, 5, 16, 22, 1, 28, 19, 11, 3}";8071.96;15568.9;15710;11887;1;0.851474;0.272727;0.403604;0.066181;20.3453
10425;"{5, 3, 22}";"{5, 6, 17, 2, 26, 16, 30, 1, 19, 11, 24, 22}";6842.88;16719.1;14355;14257;0.666667;0.850847;0.166667;0.402801;0.146168;20.4915
11100;"{5, 16, 1, 26}";"{5, 6, 17, 16, 22, 1, 28, 26}";9301.5;12324;7385;7183;1;0.851351;0.5;0.403129;0.024303;20.5158
1987;"{1, 3, 16, 5}";"{1, 22, 28, 19, 11, 3, 5}";8869.5;9769;9555;7094;0.75;0.85101;0.428571;0.403215;0.047292;20.5631
12652;"{19, 28, 3}";"{19, 28, 11, 3}";2816.5;3595.5;4014;2262;1;0.85151;0.75;0.404379;0.00368;20.5667
13317;"{1, 5, 2, 11}";"{1, 16, 30, 5, 6, 17, 10, 8, 21, 14, 2, 26, 19, 3, 11}";8457.16;19805.1;21573;21233;1;0.852007;0.266667;0.403918;0.245142;20.8119
232;"{11, 3, 6}";"{11, 19, 28, 1, 22, 5, 17, 16, 6}";2932;12799;7626;7088;0.666667;0.851389;0.222222;0.403312;0.030303;20.8422
12110;"{3, 6, 1, 7}";"{3, 19, 6, 17, 5, 30, 16, 1, 22, 2, 26, 15, 25, 7}";2811.78;17635.5;16711;16628;1;0.851883;0.285714;0.402922;0.160193;21.0024
2918;"{28, 19, 1}";"{28, 19, 3, 11, 6, 17, 1}";2129.79;6354.92;13766;13125;1;0.852373;0.428571;0.403007;0.028066;21.0305
12652;"{19, 28, 3}";"{19, 28, 11, 3}";2816.5;3595.5;4014;2262;1;0.85286;0.75;0.404152;0.003699;21.0342
684;"{14, 16, 5}";"{14, 19, 3, 5}";7405.87;7951.03;10328;10270;0.666667;0.852248;0.5;0.404467;0.035493;21.0696
6161;"{16, 3, 26}";"{16, 5, 17, 2, 6, 1, 22, 28, 19, 3, 26}";4684.5;16683.4;14691;14595;1;0.852732;0.272727;0.404035;0.118988;21.1886
1393;"{19, 28, 24}";"{19, 1, 16, 30, 5, 6, 17, 2, 24}";2051;13957.6;7777;7679;0.666667;0.852124;0.222222;0.403441;0.058247;21.2469
4424;"{6, 2, 26, 25}";"{6, 5, 30, 16, 1, 22, 28, 19, 11, 2, 7, 25}";4731.87;14216.9;15286;15274;0.75;0.851792;0.25;0.402941;0.093806;21.3407
12281;"{11, 28, 19}";"{11, 3, 19}";2428.22;3230.72;6078;5250;0.666667;0.85119;0.666667;0.403798;0.003361;21.344
1393;"{19, 28, 24}";"{19, 1, 16, 30, 5, 6, 17, 2, 24}";2051;13957.6;7777;7679;0.666667;0.850593;0.222222;0.40321;0.059801;21.4038
13053;"{8, 3, 26}";"{8, 5, 1, 22, 16, 17, 6, 26}";3271.85;12469.9;23704;22475;0.666667;0.85;0.25;0.402716;0.031346;21.4352
8484;"{16, 5, 26}";"{16, 5, 17, 6, 1, 22, 19, 11, 26}";8823.5;14035;8948;8697;1;0.850482;0.333333;0.402493;0.030258;21.4655
12439;"{11, 3, 4}";"{11, 3, 19, 28, 6, 17, 2, 26, 16, 30, 10, 8, 4}";1982.5;13665.6;15731;15645;1;0.850962;0.230769;0.401942;0.139057;21.6045
9292;"{3, 22, 16, 30}";"{3, 11, 6, 17, 5, 1, 22, 19, 16, 30}";3842.73;13985.2;10499;10243;1;0.851438;0.4;0.401936;0.075077;21.6796
12653;"{6, 5, 1}";"{6, 5, 30, 16, 17, 2, 26, 19, 1}";6754;15146.1;11211;10646;1;0.851911;0.333333;0.401718;0.111033;21.7906
12653;"{6, 5, 1}";"{6, 5, 30, 16, 17, 2, 26, 19, 1}";6754;15146.1;11211;10646;1;0.852381;0.333333;0.4015;0.108914;21.8995
11673;"{5, 16, 22, 17, 14}";"{5, 16, 4, 14}";9060.65;7461.36;7573;7165;0.6;0.851582;0.75;0.402603;0.017147;21.9167
685;"{16, 5, 17, 2}";"{16, 30, 5, 17, 6, 28, 19, 3, 11, 1, 22, 2}";10384.3;16237.9;19573;16935;1;0.85205;0.333333;0.402385;0.168957;22.0856
10425;"{5, 3, 22}";"{5, 6, 17, 2, 26, 16, 30, 1, 19, 11, 24, 22}";6842.88;16719.1;14355;14257;0.666667;0.851468;0.166667;0.401643;0.144383;22.23
8484;"{16, 5, 26}";"{16, 5, 17, 6, 1, 22, 19, 11, 26}";8823.5;14035;8948;8697;1;0.851933;0.333333;0.401429;0.029863;22.2599
13565;"{19, 28, 5}";"{19, 28, 1, 22, 16, 5}";6961.5;9739.5;3944;3462;1;0.852396;0.5;0.401737;0.007912;22.2678
11498;"{26, 19, 28}";"{26, 11, 3, 19, 28}";3256.68;5202.68;14751;12685;1;0.852856;0.6;0.402355;0.004771;22.2726
12439;"{11, 3, 4}";"{11, 3, 19, 28, 6, 17, 2, 26, 16, 30, 10, 8, 4}";1982.5;13665.6;15731;15645;1;0.853313;0.230769;0.401822;0.14249;22.4151
12439;"{11, 3, 4}";"{11, 3, 19, 28, 6, 17, 2, 26, 16, 30, 10, 8, 4}";1982.5;13665.6;15731;15645;1;0.853767;0.230769;0.401293;0.142222;22.5573
232;"{11, 3, 6}";"{11, 19, 28, 1, 22, 5, 17, 16, 6}";2932;12799;7626;7088;0.666667;0.853189;0.222222;0.40074;0.030719;22.588
13317;"{1, 5, 2, 11}";"{1, 16, 30, 5, 6, 17, 10, 8, 21, 14, 2, 26, 19, 3, 11}";8457.16;19805.1;21573;21233;1;0.853641;0.266667;0.400327;0.266556;22.8546
10696;"{28, 19, 3, 11}";"{28, 19, 3, 11}";3596;3596;3501;2542;1;0.85409;1;0.402167;0.009206;22.8638
961;"{16, 5, 1}";"{16, 5, 17, 6, 28, 19, 3, 11, 26, 1}";7688;15183;13898;12326;1;0.854536;0.3;0.401854;0.057125;22.9209
5243;"{14, 10, 21, 16, 1}";"{14, 16, 5, 19, 28, 1}";4582.67;9553.5;9023;8298;0.6;0.85376;0.5;0.402154;0.020777;22.9417
6158;"{2, 19, 11}";"{2, 17, 6, 5, 30, 1, 22, 19, 11}";3958;12799.7;7601;7176;1;0.854205;0.333333;0.401944;0.034832;22.9765
9311;"{1, 5, 6}";"{1, 16, 17, 6}";6766.6;4671.8;5433;5016;0.666667;0.853636;0.5;0.402242;0.003187;22.9797
6161;"{16, 3, 26}";"{16, 5, 17, 2, 6, 1, 22, 28, 19, 3, 26}";4684.5;16683.4;14691;14595;1;0.854079;0.272727;0.40185;0.123641;23.1033
9292;"{3, 22, 16, 30}";"{3, 11, 6, 17, 5, 1, 22, 19, 16, 30}";3842.73;13985.2;10499;10243;1;0.854518;0.4;0.401845;0.078698;23.182
8484;"{16, 5, 26}";"{16, 5, 17, 6, 1, 22, 19, 11, 26}";8823.5;14035;8948;8697;1;0.854955;0.333333;0.401639;0.032045;23.2141
12439;"{11, 3, 4}";"{11, 3, 19, 28, 6, 17, 2, 26, 16, 30, 10, 8, 4}";1982.5;13665.6;15731;15645;1;0.855389;0.230769;0.401127;0.145855;23.3599
12653;"{6, 5, 1}";"{6, 5, 30, 16, 17, 2, 26, 19, 1}";6754;15146.1;11211;10646;1;0.855821;0.333333;0.400925;0.111022;23.4709
10425;"{5, 3, 22}";"{5, 6, 17, 2, 26, 16, 30, 1, 19, 11, 24, 22}";6842.88;16719.1;14355;14257;0.666667;0.855258;0.166667;0.400228;0.15695;23.6279
1393;"{19, 28, 24}";"{19, 1, 16, 30, 5, 6, 17, 2, 24}";2051;13957.6;7777;7679;0.666667;0.854698;0.222222;0.3997;0.063362;23.6913
6158;"{2, 19, 11}";"{2, 17, 6, 5, 30, 1, 22, 19, 11}";3958;12799.7;7601;7176;1;0.855128;0.333333;0.399503;0.036221;23.7275
11671;"{3, 10, 6}";"{3, 19, 1, 22, 16, 5, 17, 26, 11, 6}";3551.45;15190;17086;16044;0.666667;0.854572;0.2;0.398915;0.168204;23.8957
684;"{14, 16, 5}";"{14, 19, 3, 5}";7405.87;7951.03;10328;10270;0.666667;0.85402;0.5;0.399212;0.034679;23.9304
13594;"{2, 28, 19}";"{2, 17, 6, 5, 30, 16, 10, 8, 21, 4, 1, 22, 19}";3549.42;16497.5;12734;12214;0.666667;0.85347;0.153846;0.398493;0.132031;24.0624
12947;"{5, 30, 1}";"{5, 2, 6, 1}";6183.67;8671.34;6252;6206;0.666667;0.852924;0.5;0.398789;0.016857;24.0792
9311;"{1, 5, 6}";"{1, 16, 17, 6}";6766.6;4671.8;5433;5016;0.666667;0.852381;0.5;0.399084;0.003465;24.0827
232;"{11, 3, 6}";"{11, 19, 28, 1, 22, 5, 17, 16, 6}";2932;12799;7626;7088;0.666667;0.851841;0.222222;0.39857;0.031487;24.1142
9413;"{28, 19, 6}";"{28, 19, 6}";2646.8;2646.8;3795;3234;1;0.852271;1;0.400314;0.002962;24.1172
12438;"{1, 22, 16}";"{1, 22, 5, 6, 17, 2, 26, 16}";2758;13843;10387;7721;1;0.852697;0.375;0.40024;0.123263;24.2404
9292;"{3, 22, 16, 30}";"{3, 11, 6, 17, 5, 1, 22, 19, 16, 30}";3842.73;13985.2;10499;10243;1;0.853122;0.4;0.40024;0.078731;24.3192
13053;"{8, 3, 26}";"{8, 5, 1, 22, 16, 17, 6, 26}";3271.85;12469.9;23704;22475;0.666667;0.852586;0.25;0.399808;0.032269;24.3514
6158;"{2, 19, 11}";"{2, 17, 6, 5, 30, 1, 22, 19, 11}";3958;12799.7;7601;7176;1;0.853009;0.333333;0.399618;0.037235;24.3887
8484;"{16, 5, 26}";"{16, 5, 17, 6, 1, 22, 19, 11, 26}";8823.5;14035;8948;8697;1;0.853429;0.333333;0.399428;0.031568;24.4202
6158;"{2, 19, 11}";"{2, 17, 6, 5, 30, 1, 22, 19, 11}";3958;12799.7;7601;7176;1;0.853846;0.333333;0.39924;0.035985;24.4562
12438;"{1, 22, 16}";"{1, 22, 5, 6, 17, 2, 26, 16}";2758;13843;10387;7721;1;0.854261;0.375;0.399171;0.125203;24.5814
1987;"{1, 3, 16, 5}";"{1, 22, 28, 19, 11, 3, 5}";8869.5;9769;9555;7094;0.75;0.853966;0.428571;0.399254;0.051397;24.6328
8676;"{28, 19, 3}";"{28, 19, 11, 3}";2815.5;3594.89;4682;3951;1;0.854379;0.75;0.400245;0.002869;24.6357
6757;"{11, 2, 17}";"{11, 19, 1, 22, 16, 5, 6, 17}";3955;12428.5;5581;5431;0.666667;0.85385;0.25;0.399822;0.021741;24.6574
2918;"{28, 19, 1}";"{28, 19, 3, 11, 6, 17, 1}";2129.79;6354.92;13766;13125;1;0.85426;0.428571;0.399903;0.031176;24.6886
6757;"{11, 2, 17}";"{11, 19, 1, 22, 16, 5, 6, 17}";3955;12428.5;5581;5431;0.666667;0.853735;0.25;0.399483;0.022489;24.7111
4272;"{26, 2, 5}";"{26, 24, 28, 19, 3, 18, 5}";8798.56;10958.6;21957;17725;0.666667;0.853212;0.285714;0.399165;0.295407;25.0065
8905;"{11, 3, 19}";"{11, 3, 19}";3234.21;3234.21;3354;3142;1;0.853621;1;0.400839;0.002004;25.0085
8484;"{16, 5, 26}";"{16, 5, 17, 6, 1, 22, 19, 11, 26}";8823.5;14035;8948;8697;1;0.854028;0.333333;0.400651;0.032976;25.0415
684;"{14, 16, 5}";"{14, 19, 3, 5}";7405.87;7951.03;10328;10270;0.666667;0.853509;0.5;0.400926;0.036532;25.078
684;"{14, 16, 5}";"{14, 19, 3, 5}";7405.87;7951.03;10328;10270;0.666667;0.852993;0.5;0.4012;0.034702;25.1127
12438;"{1, 22, 16}";"{1, 22, 5, 6, 17, 2, 26, 16}";2758;13843;10387;7721;1;0.853398;0.375;0.401128;0.125826;25.2385
1393;"{19, 28, 24}";"{19, 1, 16, 30, 5, 6, 17, 2, 24}";2051;13957.6;7777;7679;0.666667;0.852885;0.222222;0.400636;0.061481;25.3
12642;"{11, 5, 6}";"{11, 19, 5, 6}";7066.76;8357.76;5473;5267;1;0.853288;0.75;0.401593;0.012879;25.3129
684;"{14, 16, 5}";"{14, 19, 3, 5}";7405.87;7951.03;10328;10270;0.666667;0.852778;0.5;0.401862;0.036183;25.3491
8304;"{3, 19, 28, 25}";"{3, 11, 19, 28, 2, 5, 30, 10, 8, 21, 4, 25}";3080;14010.6;14977;14948;1;0.853179;0.333333;0.401676;0.132431;25.4815
10008;"{26, 3, 5, 6}";"{26, 17, 5, 1, 22, 19, 6}";9056.42;11333.9;10232;9689;0.75;0.852899;0.428571;0.401749;0.023787;25.5053
8304;"{3, 19, 28, 25}";"{3, 11, 19, 28, 2, 5, 30, 10, 8, 21, 4, 25}";3080;14010.6;14977;14948;1;0.853297;0.333333;0.401563;0.129746;25.635
12947;"{5, 30, 1}";"{5, 2, 6, 1}";6183.67;8671.34;6252;6206;0.666667;0.852793;0.5;0.401829;0.016673;25.6517
12653;"{6, 5, 1}";"{6, 5, 30, 16, 17, 2, 26, 19, 1}";6754;15146.1;11211;10646;1;0.85319;0.333333;0.401645;0.104608;25.7563
3460;"{16, 1, 3}";"{16, 30, 5, 1, 22, 19, 28, 11, 3}";3568;12081.5;5901;5690;1;0.853584;0.333333;0.401461;0.039506;25.7958
6161;"{16, 3, 26}";"{16, 5, 17, 2, 6, 1, 22, 28, 19, 3, 26}";4684.5;16683.4;14691;14595;1;0.853977;0.272727;0.401116;0.117067;25.9129
8676;"{28, 19, 3}";"{28, 19, 11, 3}";2815.5;3594.89;4682;3951;1;0.854367;0.75;0.402049;0.002905;25.9158
684;"{14, 16, 5}";"{14, 19, 3, 5}";7405.87;7951.03;10328;10270;0.666667;0.853867;0.5;0.40231;0.035371;25.9512
961;"{16, 5, 1}";"{16, 5, 17, 6, 28, 19, 3, 11, 26, 1}";7688;15183;13898;12326;1;0.854255;0.3;0.402038;0.054388;26.0056
11100;"{5, 16, 1, 26}";"{5, 6, 17, 16, 22, 1, 28, 26}";9301.5;12324;7385;7183;1;0.854642;0.5;0.402298;0.024508;26.0301
5753;"{2, 28, 3}";"{2, 26, 17, 16, 30, 10, 8, 21, 6, 19, 11, 3}";3420;13818.5;17286;16282;0.666667;0.854145;0.166667;0.401674;0.151301;26.1814
12438;"{1, 22, 16}";"{1, 22, 5, 6, 17, 2, 26, 16}";2758;13843;10387;7721;1;0.854529;0.375;0.401604;0.127781;26.3091
12439;"{11, 3, 4}";"{11, 3, 19, 28, 6, 17, 2, 26, 16, 30, 10, 8, 4}";1982.5;13665.6;15731;15645;1;0.854912;0.230769;0.401154;0.151802;26.4609
685;"{16, 5, 17, 2}";"{16, 30, 5, 17, 6, 28, 19, 3, 11, 1, 22, 2}";10384.3;16237.9;19573;16935;1;0.855293;0.333333;0.400976;0.170375;26.6313
1393;"{19, 28, 24}";"{19, 1, 16, 30, 5, 6, 17, 2, 24}";2051;13957.6;7777;7679;0.666667;0.854799;0.222222;0.400508;0.061869;26.6932
1987;"{1, 3, 16, 5}";"{1, 22, 28, 19, 11, 3, 5}";8869.5;9769;9555;7094;0.75;0.854526;0.428571;0.400582;0.049367;26.7426
92;"{16, 22, 1, 3}";"{16, 17, 6, 19, 28, 26, 11, 3}";3943.68;9408.5;12172;10687;0.5;0.853602;0.25;0.40019;0.033796;26.7764
6161;"{16, 3, 26}";"{16, 5, 17, 2, 6, 1, 22, 28, 19, 3, 26}";4684.5;16683.4;14691;14595;1;0.853983;0.272727;0.399858;0.117061;26.8934
685;"{16, 5, 17, 2}";"{16, 30, 5, 17, 6, 28, 19, 3, 11, 1, 22, 2}";10384.3;16237.9;19573;16935;1;0.854361;0.333333;0.399686;0.173921;27.0673
8304;"{3, 19, 28, 25}";"{3, 11, 19, 28, 2, 5, 30, 10, 8, 21, 4, 25}";3080;14010.6;14977;14948;1;0.854737;0.333333;0.399515;0.130037;27.1974
12807;"{13, 19, 28}";"{13, 27, 11, 19, 1, 22, 5, 17, 6, 16, 28}";1712.5;12872.5;13069;13068;1;0.855112;0.272727;0.399188;0.055739;27.2531
13317;"{1, 5, 2, 11}";"{1, 16, 30, 5, 6, 17, 10, 8, 21, 14, 2, 26, 19, 3, 11}";8457.16;19805.1;21573;21233;1;0.855484;0.266667;0.398847;0.248155;27.5013
4424;"{6, 2, 26, 25}";"{6, 5, 30, 16, 1, 22, 28, 19, 11, 2, 7, 25}";4731.87;14216.9;15286;15274;0.75;0.855214;0.25;0.398466;0.093766;27.595
13674;"{1, 5, 16}";"{1, 22, 16}";7704.85;2774.85;2846;2705;0.666667;0.854731;0.666667;0.399152;0.002261;27.5973
731;"{5, 30, 16}";"{5, 1, 22, 16}";7611.7;8079;1667;1604;0.666667;0.854252;0.5;0.399409;0.002;27.5993
6158;"{2, 19, 11}";"{2, 17, 6, 5, 30, 1, 22, 19, 11}";3958;12799.7;7601;7176;1;0.854623;0.333333;0.399241;0.036114;27.6354
6161;"{16, 3, 26}";"{16, 5, 17, 2, 6, 1, 22, 28, 19, 3, 26}";4684.5;16683.4;14691;14595;1;0.854992;0.272727;0.39892;0.119565;27.755
8484;"{16, 5, 26}";"{16, 5, 17, 6, 1, 22, 19, 11, 26}";8823.5;14035;8948;8697;1;0.855359;0.333333;0.398754;0.030281;27.7853
12281;"{11, 28, 19}";"{11, 3, 19}";2428.22;3230.72;6078;5250;0.666667;0.854882;0.666667;0.39943;0.003259;27.7885
10425;"{5, 3, 22}";"{5, 6, 17, 2, 26, 16, 30, 1, 19, 11, 24, 22}";6842.88;16719.1;14355;14257;0.666667;0.854408;0.166667;0.398844;0.142628;27.9311
5243;"{14, 10, 21, 16, 1}";"{14, 16, 5, 19, 28, 1}";4582.67;9553.5;9023;8298;0.6;0.853769;0.5;0.399098;0.020897;27.952
6158;"{2, 19, 11}";"{2, 17, 6, 5, 30, 1, 22, 19, 11}";3958;12799.7;7601;7176;1;0.854135;0.333333;0.398933;0.03474;27.9868
12652;"{19, 28, 3}";"{19, 28, 11, 3}";2816.5;3595.5;4014;2262;1;0.8545;0.75;0.399811;0.003987;27.9908
12642;"{11, 5, 6}";"{11, 19, 5, 6}";7066.76;8357.76;5473;5267;1;0.854863;0.75;0.400684;0.013255;28.004
5516;"{26, 5, 3}";"{26, 17, 6, 5, 16, 22, 1, 28, 19, 11, 3}";8071.96;15568.9;15710;11887;1;0.855224;0.272727;0.400366;0.068134;28.0722
12439;"{11, 3, 4}";"{11, 3, 19, 28, 6, 17, 2, 26, 16, 30, 10, 8, 4}";1982.5;13665.6;15731;15645;1;0.855583;0.230769;0.399945;0.146239;28.2184
13317;"{1, 5, 2, 11}";"{1, 16, 30, 5, 6, 17, 10, 8, 21, 14, 2, 26, 19, 3, 11}";8457.16;19805.1;21573;21233;1;0.855941;0.266667;0.399615;0.24723;28.4656
4103;"{11, 24, 28}";"{11, 19, 1, 22, 16, 5, 17, 2, 6, 28}";1516.75;14682.3;11901;11240;0.666667;0.855473;0.2;0.399122;0.071478;28.5371
13565;"{19, 28, 5}";"{19, 28, 1, 22, 16, 5}";6961.5;9739.5;3944;3462;1;0.855829;0.5;0.399371;0.008009;28.5451
5753;"{2, 28, 3}";"{2, 26, 17, 16, 30, 10, 8, 21, 6, 19, 11, 3}";3420;13818.5;17286;16282;0.666667;0.855364;0.166667;0.398799;0.149959;28.6951
12439;"{11, 3, 4}";"{11, 3, 19, 28, 6, 17, 2, 26, 16, 30, 10, 8, 4}";1982.5;13665.6;15731;15645;1;0.855719;0.230769;0.398387;0.138153;28.8332
92;"{16, 22, 1, 3}";"{16, 17, 6, 19, 28, 26, 11, 3}";3943.68;9408.5;12172;10687;0.5;0.854849;0.25;0.398024;0.033885;28.8671
10425;"{5, 3, 22}";"{5, 6, 17, 2, 26, 16, 30, 1, 19, 11, 24, 22}";6842.88;16719.1;14355;14257;0.666667;0.85439;0.166667;0.39746;0.152578;29.0197
12807;"{13, 19, 28}";"{13, 27, 11, 19, 1, 22, 5, 17, 6, 16, 28}";1712.5;12872.5;13069;13068;1;0.854745;0.272727;0.397156;0.053976;29.0737
11100;"{5, 16, 1, 26}";"{5, 6, 17, 16, 22, 1, 28, 26}";9301.5;12324;7385;7183;1;0.855097;0.5;0.397406;0.026091;29.0998
3460;"{16, 1, 3}";"{16, 30, 5, 1, 22, 19, 28, 11, 3}";3568;12081.5;5901;5690;1;0.855448;0.333333;0.397251;0.042113;29.1419
684;"{14, 16, 5}";"{14, 19, 3, 5}";7405.87;7951.03;10328;10270;0.666667;0.854992;0.5;0.397499;0.035203;29.1771
1987;"{1, 3, 16, 5}";"{1, 22, 28, 19, 11, 3, 5}";8869.5;9769;9555;7094;0.75;0.854739;0.428571;0.397574;0.051421;29.2285
5753;"{2, 28, 3}";"{2, 26, 17, 16, 30, 10, 8, 21, 6, 19, 11, 3}";3420;13818.5;17286;16282;0.666667;0.854287;0.166667;0.397019;0.14705;29.3755
11671;"{3, 10, 6}";"{3, 19, 1, 22, 16, 5, 17, 26, 11, 6}";3551.45;15190;17086;16044;0.666667;0.853837;0.2;0.396546;0.157078;29.5326
3460;"{16, 1, 3}";"{16, 30, 5, 1, 22, 19, 28, 11, 3}";3568;12081.5;5901;5690;1;0.854187;0.333333;0.396395;0.038427;29.571
12653;"{6, 5, 1}";"{6, 5, 30, 16, 17, 2, 26, 19, 1}";6754;15146.1;11211;10646;1;0.854535;0.333333;0.396245;0.108498;29.6795
1393;"{19, 28, 24}";"{19, 1, 16, 30, 5, 6, 17, 2, 24}";2051;13957.6;7777;7679;0.666667;0.854087;0.222222;0.39583;0.060255;29.7398
12110;"{3, 6, 1, 7}";"{3, 19, 6, 17, 5, 30, 16, 1, 22, 2, 26, 15, 25, 7}";2811.78;17635.5;16711;16628;1;0.854434;0.285714;0.395569;0.159951;29.8997
10696;"{28, 19, 3, 11}";"{28, 19, 3, 11}";3596;3596;3501;2542;1;0.854779;1;0.397001;0.008943;29.9087
4103;"{11, 24, 28}";"{11, 19, 1, 22, 16, 5, 17, 2, 6, 28}";1516.75;14682.3;11901;11240;0.666667;0.854334;0.2;0.396535;0.076702;29.9854
5243;"{14, 10, 21, 16, 1}";"{14, 16, 5, 19, 28, 1}";4582.67;9553.5;9023;8298;0.6;0.853734;0.5;0.396779;0.020251;30.0056
6700;"{5, 30, 16}";"{5, 28, 19, 11, 3, 16}";7566.4;10780.9;16843;15319;0.666667;0.853294;0.333333;0.39663;0.045855;30.0515
13317;"{1, 5, 2, 11}";"{1, 16, 30, 5, 6, 17, 10, 8, 21, 14, 2, 26, 19, 3, 11}";8457.16;19805.1;21573;21233;1;0.853638;0.266667;0.396325;0.240897;30.2924
13317;"{1, 5, 2, 11}";"{1, 16, 30, 5, 6, 17, 10, 8, 21, 14, 2, 26, 19, 3, 11}";8457.16;19805.1;21573;21233;1;0.853981;0.266667;0.396021;0.253708;30.5461
6757;"{11, 2, 17}";"{11, 19, 1, 22, 16, 5, 6, 17}";3955;12428.5;5581;5431;0.666667;0.853544;0.25;0.39568;0.021467;30.5676
10696;"{28, 19, 3, 11}";"{28, 19, 3, 11}";3596;3596;3501;2542;1;0.853885;1;0.397089;0.0093;30.5769
13317;"{1, 5, 2, 11}";"{1, 16, 30, 5, 6, 17, 10, 8, 21, 14, 2, 26, 19, 3, 11}";8457.16;19805.1;21573;21233;1;0.854225;0.266667;0.396786;0.253388;30.8303
625;"{2, 5, 6}";"{2, 5, 6}";8168.02;8168.02;6410;5325;1;0.854563;1;0.398185;0.019839;30.8501
11498;"{26, 19, 28}";"{26, 11, 3, 19, 28}";3256.68;5202.68;14751;12685;1;0.8549;0.6;0.398652;0.004928;30.855
13053;"{8, 3, 26}";"{8, 5, 1, 22, 16, 17, 6, 26}";3271.85;12469.9;23704;22475;0.666667;0.854465;0.25;0.398309;0.03156;30.8866
9311;"{1, 5, 6}";"{1, 16, 17, 6}";6766.6;4671.8;5433;5016;0.666667;0.854032;0.5;0.398543;0.003362;30.8899
684;"{14, 16, 5}";"{14, 19, 3, 5}";7405.87;7951.03;10328;10270;0.666667;0.853602;0.5;0.398777;0.032928;30.9229
12652;"{19, 28, 3}";"{19, 28, 11, 3}";2816.5;3595.5;4014;2262;1;0.853937;0.75;0.399582;0.003765;30.9266
5753;"{2, 28, 3}";"{2, 26, 17, 16, 30, 10, 8, 21, 6, 19, 11, 3}";3420;13818.5;17286;16282;0.666667;0.853509;0.166667;0.399049;0.15704;31.0837
12807;"{13, 19, 28}";"{13, 27, 11, 19, 1, 22, 5, 17, 6, 16, 28}";1712.5;12872.5;13069;13068;1;0.853843;0.272727;0.398761;0.051517;31.1352
6757;"{11, 2, 17}";"{11, 19, 1, 22, 16, 5, 6, 17}";3955;12428.5;5581;5431;0.666667;0.853417;0.25;0.398422;0.020983;31.1562
12652;"{19, 28, 3}";"{19, 28, 11, 3}";2816.5;3595.5;4014;2262;1;0.85375;0.75;0.399221;0.003938;31.1601
9311;"{1, 5, 6}";"{1, 16, 17, 6}";6766.6;4671.8;5433;5016;0.666667;0.853326;0.5;0.399449;0.003311;31.1634
9311;"{1, 5, 6}";"{1, 16, 17, 6}";6766.6;4671.8;5433;5016;0.666667;0.852903;0.5;0.399677;0.003277;31.1667
12653;"{6, 5, 1}";"{6, 5, 30, 16, 17, 2, 26, 19, 1}";6754;15146.1;11211;10646;1;0.853236;0.333333;0.399527;0.102193;31.2689
11100;"{5, 16, 1, 26}";"{5, 6, 17, 16, 22, 1, 28, 26}";9301.5;12324;7385;7183;1;0.853566;0.5;0.399753;0.024367;31.2933
6158;"{2, 19, 11}";"{2, 17, 6, 5, 30, 1, 22, 19, 11}";3958;12799.7;7601;7176;1;0.853895;0.333333;0.399604;0.034181;31.3274
11671;"{3, 10, 6}";"{3, 19, 1, 22, 16, 5, 17, 26, 11, 6}";3551.45;15190;17086;16044;0.666667;0.853475;0.2;0.399157;0.159959;31.4874
13293;"{21, 10, 3}";"{21, 8, 10, 5, 30, 16, 1, 22, 28, 19, 11, 3}";3157;14576.5;10296;9023;1;0.853803;0.25;0.398823;0.06682;31.5542
4103;"{11, 24, 28}";"{11, 19, 1, 22, 16, 5, 17, 2, 6, 28}";1516.75;14682.3;11901;11240;0.666667;0.853385;0.2;0.398379;0.074407;31.6286
13318;"{11, 3, 19}";"{11, 3, 19}";3231.64;3231.64;4425;2798;1;0.853712;1;0.399719;0.003497;31.6321
7168;"{2, 6, 16}";"{2, 17, 6, 16}";4784.64;6074.14;4877;4039;1;0.854037;0.75;0.400497;0.004393;31.6365
13317;"{1, 5, 2, 11}";"{1, 16, 30, 5, 6, 17, 10, 8, 21, 14, 2, 26, 19, 3, 11}";8457.16;19805.1;21573;21233;1;0.854361;0.266667;0.400201;0.25184;31.8884
6158;"{2, 19, 11}";"{2, 17, 6, 5, 30, 1, 22, 19, 11}";3958;12799.7;7601;7176;1;0.854683;0.333333;0.400053;0.033611;31.922
12710;"{28, 19, 3}";"{28, 11, 3}";2823.33;2313.03;2583;2031;0.666667;0.854268;0.666667;0.400641;0.003186;31.9252
12281;"{11, 28, 19}";"{11, 3, 19}";2428.22;3230.72;6078;5250;0.666667;0.853855;0.666667;0.401227;0.003294;31.9285
2918;"{28, 19, 1}";"{28, 19, 3, 11, 6, 17, 1}";2129.79;6354.92;13766;13125;1;0.854176;0.428571;0.401287;0.029216;31.9577
13053;"{8, 3, 26}";"{8, 5, 1, 22, 16, 17, 6, 26}";3271.85;12469.9;23704;22475;0.666667;0.853765;0.25;0.400956;0.031368;31.989
6158;"{2, 19, 11}";"{2, 17, 6, 5, 30, 1, 22, 19, 11}";3958;12799.7;7601;7176;1;0.854085;0.333333;0.400808;0.036307;32.0253
9311;"{1, 5, 6}";"{1, 16, 17, 6}";6766.6;4671.8;5433;5016;0.666667;0.853675;0.5;0.401024;0.003419;32.0288
5753;"{2, 28, 3}";"{2, 26, 17, 16, 30, 10, 8, 21, 6, 19, 11, 3}";3420;13818.5;17286;16282;0.666667;0.853268;0.166667;0.400514;0.15022;32.179
13594;"{2, 28, 19}";"{2, 17, 6, 5, 30, 16, 10, 8, 21, 4, 1, 22, 19}";3549.42;16497.5;12734;12214;0.666667;0.852862;0.153846;0.399977;0.124145;32.3031
4424;"{6, 2, 26, 25}";"{6, 5, 30, 16, 1, 22, 28, 19, 11, 2, 7, 25}";4731.87;14216.9;15286;15274;0.75;0.852639;0.25;0.399652;0.095599;32.3987
6757;"{11, 2, 17}";"{11, 19, 1, 22, 16, 5, 6, 17}";3955;12428.5;5581;5431;0.666667;0.852237;0.25;0.399328;0.021463;32.4202
232;"{11, 3, 6}";"{11, 19, 28, 1, 22, 5, 17, 16, 6}";2932;12799;7626;7088;0.666667;0.851836;0.222222;0.398946;0.03171;32.4519
6398;"{3, 16, 5}";"{3, 19, 28, 1, 22, 16, 5}";8316.5;10839.5;11220;4871;1;0.852155;0.428571;0.39901;0.086865;32.5388
6161;"{16, 3, 26}";"{16, 5, 17, 2, 6, 1, 22, 28, 19, 3, 26}";4684.5;16683.4;14691;14595;1;0.852473;0.272727;0.398738;0.117733;32.6565
12653;"{6, 5, 1}";"{6, 5, 30, 16, 17, 2, 26, 19, 1}";6754;15146.1;11211;10646;1;0.85279;0.333333;0.398598;0.108348;32.7648
13594;"{2, 28, 19}";"{2, 17, 6, 5, 30, 16, 10, 8, 21, 4, 1, 22, 19}";3549.42;16497.5;12734;12214;0.666667;0.852391;0.153846;0.398073;0.131212;32.8961
232;"{11, 3, 6}";"{11, 19, 28, 1, 22, 5, 17, 16, 6}";2932;12799;7626;7088;0.666667;0.851994;0.222222;0.397698;0.030337;32.9264
12807;"{13, 19, 28}";"{13, 27, 11, 19, 1, 22, 5, 17, 6, 16, 28}";1712.5;12872.5;13069;13068;1;0.85231;0.272727;0.397431;0.051178;32.9776
12438;"{1, 22, 16}";"{1, 22, 5, 6, 17, 2, 26, 16}";2758;13843;10387;7721;1;0.852624;0.375;0.397384;0.126294;33.1039
4103;"{11, 24, 28}";"{11, 19, 1, 22, 16, 5, 17, 2, 6, 28}";1516.75;14682.3;11901;11240;0.666667;0.852229;0.2;0.396964;0.076312;33.1802
685;"{16, 5, 17, 2}";"{16, 30, 5, 17, 6, 28, 19, 3, 11, 1, 22, 2}";10384.3;16237.9;19573;16935;1;0.852542;0.333333;0.39683;0.171224;33.3514
12439;"{11, 3, 4}";"{11, 3, 19, 28, 6, 17, 2, 26, 16, 30, 10, 8, 4}";1982.5;13665.6;15731;15645;1;0.852854;0.230769;0.396479;0.145988;33.4974
13674;"{1, 5, 16}";"{1, 22, 16}";7704.85;2774.85;2846;2705;0.666667;0.852461;0.666667;0.397049;0.002173;33.4996
10696;"{28, 19, 3, 11}";"{28, 19, 3, 11}";3596;3596;3501;2542;1;0.852772;1;0.398318;0.009383;33.5089
12653;"{6, 5, 1}";"{6, 5, 30, 16, 17, 2, 26, 19, 1}";6754;15146.1;11211;10646;1;0.853081;0.333333;0.398181;0.104976;33.6139
10008;"{26, 3, 5, 6}";"{26, 17, 5, 1, 22, 19, 6}";9056.42;11333.9;10232;9689;0.75;0.852865;0.428571;0.398245;0.02582;33.6397
5753;"{2, 28, 3}";"{2, 26, 17, 16, 30, 10, 8, 21, 6, 19, 11, 3}";3420;13818.5;17286;16282;0.666667;0.852476;0.166667;0.397761;0.14821;33.788
6398;"{3, 16, 5}";"{3, 19, 28, 1, 22, 16, 5}";8316.5;10839.5;11220;4871;1;0.852784;0.428571;0.397825;0.087423;33.8754
13009;"{15, 12, 25}";"{15, 25}";766.647;747.828;2978;2876;0.666667;0.852396;1;0.39908;0.001227;33.8766
11671;"{3, 10, 6}";"{3, 19, 1, 22, 16, 5, 17, 26, 11, 6}";3551.45;15190;17086;16044;0.666667;0.85201;0.2;0.398666;0.166649;34.0433
684;"{14, 16, 5}";"{14, 19, 3, 5}";7405.87;7951.03;10328;10270;0.666667;0.851625;0.5;0.398876;0.033783;34.077
685;"{16, 5, 17, 2}";"{16, 30, 5, 17, 6, 28, 19, 3, 11, 1, 22, 2}";10384.3;16237.9;19573;16935;1;0.851932;0.333333;0.39874;0.167468;34.2445
6161;"{16, 3, 26}";"{16, 5, 17, 2, 6, 1, 22, 28, 19, 3, 26}";4684.5;16683.4;14691;14595;1;0.852238;0.272727;0.39848;0.124158;34.3687
7168;"{2, 6, 16}";"{2, 17, 6, 16}";4784.64;6074.14;4877;4039;1;0.852543;0.75;0.399205;0.004465;34.3731
4103;"{11, 24, 28}";"{11, 19, 1, 22, 16, 5, 17, 2, 6, 28}";1516.75;14682.3;11901;11240;0.666667;0.85216;0.2;0.398795;0.077787;34.4509
1393;"{19, 28, 24}";"{19, 1, 16, 30, 5, 6, 17, 2, 24}";2051;13957.6;7777;7679;0.666667;0.85178;0.222222;0.398432;0.060214;34.5111
12110;"{3, 6, 1, 7}";"{3, 19, 6, 17, 5, 30, 16, 1, 22, 2, 26, 15, 25, 7}";2811.78;17635.5;16711;16628;1;0.852083;0.285714;0.398201;0.161293;34.6724
13594;"{2, 28, 19}";"{2, 17, 6, 5, 30, 16, 10, 8, 21, 4, 1, 22, 19}";3549.42;16497.5;12734;12214;0.666667;0.851704;0.153846;0.397701;0.131315;34.8037
12438;"{1, 22, 16}";"{1, 22, 5, 6, 17, 2, 26, 16}";2758;13843;10387;7721;1;0.852007;0.375;0.397655;0.120191;34.9239
9413;"{28, 19, 6}";"{28, 19, 6}";2646.8;2646.8;3795;3234;1;0.852308;1;0.398882;0.002946;34.9269
13565;"{19, 28, 5}";"{19, 28, 1, 22, 16, 5}";6961.5;9739.5;3944;3462;1;0.852608;0.5;0.399087;0.008142;34.935
11100;"{5, 16, 1, 26}";"{5, 6, 17, 16, 22, 1, 28, 26}";9301.5;12324;7385;7183;1;0.852907;0.5;0.399292;0.025031;34.96
10696;"{28, 19, 3, 11}";"{28, 19, 3, 11}";3596;3596;3501;2542;1;0.853205;1;0.400508;0.00914;34.9692
11673;"{5, 16, 22, 17, 14}";"{5, 16, 4, 14}";9060.65;7461.36;7573;7165;0.6;0.852694;0.75;0.401214;0.017339;34.9865
8905;"{11, 3, 19}";"{11, 3, 19}";3234.21;3234.21;3354;3142;1;0.852991;1;0.402421;0.001963;34.9885
12710;"{28, 19, 3}";"{28, 11, 3}";2823.33;2313.03;2583;2031;0.666667;0.852616;0.666667;0.402953;0.002504;34.991
6700;"{5, 30, 16}";"{5, 28, 19, 11, 3, 16}";7566.4;10780.9;16843;15319;0.666667;0.852242;0.333333;0.402813;0.04392;35.0349
2918;"{28, 19, 1}";"{28, 19, 3, 11, 6, 17, 1}";2129.79;6354.92;13766;13125;1;0.852538;0.428571;0.402865;0.028226;35.0631
684;"{14, 16, 5}";"{14, 19, 3, 5}";7405.87;7951.03;10328;10270;0.666667;0.852167;0.5;0.403059;0.03424;35.0974
